"Year","Monthly_MSL","Linear_Trend","High_Conf","Low_Conf"
1856-01-01,-0.25,-0.393,-0.385,-0.402
1856-02-01,-0.247,-0.393,-0.384,-0.402
1856-03-01,-0.345,-0.393,-0.384,-0.402
1856-04-01,-0.355,-0.393,-0.384,-0.401
1856-05-01,-0.324,-0.392,-0.384,-0.401
1856-06-01,-0.462,-0.392,-0.383,-0.401
1856-07-01,-0.409,-0.392,-0.383,-0.401
1856-08-01,-0.392,-0.392,-0.383,-0.4
1856-09-01,-0.45,-0.391,-0.383,-0.4
1856-10-01,-0.459,-0.391,-0.382,-0.4
1856-11-01,-0.379,-0.391,-0.382,-0.4
1856-12-01,-0.29,-0.391,-0.382,-0.399
1857-01-01,-0.25,-0.39,-0.382,-0.399
1857-02-01,-0.284,-0.39,-0.381,-0.399
1857-03-01,-0.302,-0.39,-0.381,-0.399
1857-04-01,-0.34,-0.39,-0.381,-0.398
1857-05-01,-0.293,-0.389,-0.381,-0.398
1857-06-01,-0.319,-0.389,-0.381,-0.398
1857-07-01,-0.36,-0.389,-0.38,-0.398
1857-08-01,-0.356,-0.389,-0.38,-0.397
1857-09-01,-0.383,-0.388,-0.38,-0.397
1857-10-01,-0.429,-0.388,-0.38,-0.397
1857-11-01,-0.339,-0.388,-0.379,-0.397
1857-12-01,-0.275,-0.388,-0.379,-0.396
1858-01-01,-0.229,-0.387,-0.379,-0.396
1858-02-01,-0.272,-0.387,-0.379,-0.396
1858-03-01,-0.321,-0.387,-0.378,-0.396
1858-04-01,-0.38,-0.387,-0.378,-0.395
1858-05-01,-0.357,-0.387,-0.378,-0.395
1858-06-01,-0.341,-0.386,-0.378,-0.395
1858-07-01,-0.372,-0.386,-0.377,-0.395
1858-08-01,-0.444,-0.386,-0.377,-0.394
1858-09-01,-0.465,-0.386,-0.377,-0.394
1858-10-01,-0.508,-0.385,-0.377,-0.394
1858-11-01,-0.364,-0.385,-0.376,-0.394
1858-12-01,-0.278,-0.385,-0.376,-0.393
1859-01-01,-0.247,-0.385,-0.376,-0.393
1859-02-01,-0.256,-0.384,-0.376,-0.393
1859-03-01,-0.296,-0.384,-0.376,-0.393
1859-04-01,-0.346,-0.384,-0.375,-0.392
1859-05-01,-0.308,-0.384,-0.375,-0.392
1859-06-01,-0.371,-0.383,-0.375,-0.392
1859-07-01,-0.339,-0.383,-0.375,-0.392
1859-08-01,-0.343,-0.383,-0.374,-0.391
1859-09-01,-0.401,-0.383,-0.374,-0.391
1859-10-01,-0.423,-0.382,-0.374,-0.391
1859-11-01,-0.355,-0.382,-0.374,-0.391
1859-12-01,-0.239,-0.382,-0.373,-0.39
1860-01-01,-0.244,-0.382,-0.373,-0.39
1860-02-01,-0.253,-0.381,-0.373,-0.39
1860-03-01,-0.327,-0.381,-0.373,-0.39
1860-04-01,-0.355,-0.381,-0.372,-0.389
1860-05-01,-0.342,-0.381,-0.372,-0.389
1860-06-01,-0.337,-0.38,-0.372,-0.389
1860-07-01,-0.381,-0.38,-0.372,-0.389
1860-08-01,-0.392,-0.38,-0.371,-0.388
1860-09-01,-0.438,-0.38,-0.371,-0.388
1860-10-01,-0.447,-0.379,-0.371,-0.388
1860-11-01,-0.397,-0.379,-0.371,-0.388
1860-12-01,-0.297,-0.379,-0.371,-0.387
1862-01-01,-0.296,-0.376,-0.367,-0.384
1862-02-01,-0.305,-0.376,-0.367,-0.384
1862-03-01,-0.312,-0.375,-0.367,-0.384
1862-04-01,-0.343,-0.375,-0.367,-0.383
1862-05-01,-0.311,-0.375,-0.367,-0.383
1862-06-01,-0.35,-0.375,-0.366,-0.383
1862-07-01,-0.336,-0.374,-0.366,-0.383
1862-08-01,-0.395,-0.374,-0.366,-0.382
1862-09-01,-0.444,-0.374,-0.366,-0.382
1862-10-01,-0.49,-0.374,-0.365,-0.382
1862-11-01,-0.364,-0.373,-0.365,-0.382
1862-12-01,-0.284,-0.373,-0.365,-0.381
1863-01-01,-0.314,-0.373,-0.365,-0.381
1863-02-01,-0.348,-0.373,-0.364,-0.381
1863-03-01,-0.354,-0.372,-0.364,-0.381
1863-04-01,-0.325,-0.372,-0.364,-0.38
1863-05-01,-0.299,-0.372,-0.364,-0.38
1863-06-01,-0.371,-0.372,-0.363,-0.38
1863-07-01,-0.336,-0.371,-0.363,-0.38
1863-08-01,-0.38,-0.371,-0.363,-0.379
1863-09-01,-0.38,-0.371,-0.363,-0.379
1863-10-01,-0.319,-0.371,-0.362,-0.379
1863-11-01,-0.388,-0.37,-0.362,-0.379
1863-12-01,-0.415,-0.37,-0.362,-0.378
1864-01-01,-0.5,-0.37,-0.362,-0.378
1864-02-01,-0.412,-0.37,-0.362,-0.378
1864-03-01,-0.278,-0.369,-0.361,-0.378
1864-04-01,-0.2,-0.369,-0.361,-0.377
1864-05-01,-0.299,-0.369,-0.361,-0.377
1864-06-01,-0.441,-0.369,-0.361,-0.377
1864-07-01,-0.393,-0.368,-0.36,-0.377
1864-08-01,-0.349,-0.368,-0.36,-0.376
1864-09-01,-0.34,-0.368,-0.36,-0.376
1864-10-01,-0.231,-0.368,-0.36,-0.376
1864-11-01,-0.376,-0.368,-0.359,-0.376
1864-12-01,-0.351,-0.367,-0.359,-0.375
1865-01-01,-0.397,-0.367,-0.359,-0.375
1865-02-01,-0.305,-0.367,-0.359,-0.375
1865-03-01,-0.376,-0.367,-0.358,-0.375
1865-04-01,-0.413,-0.366,-0.358,-0.374
1865-05-01,-0.305,-0.366,-0.358,-0.374
1865-06-01,-0.362,-0.366,-0.358,-0.374
1865-07-01,-0.546,-0.366,-0.357,-0.374
1865-08-01,-0.423,-0.365,-0.357,-0.373
1865-09-01,-0.401,-0.365,-0.357,-0.373
1865-10-01,-0.417,-0.365,-0.357,-0.373
1865-11-01,-0.361,-0.365,-0.357,-0.373
1865-12-01,-0.333,-0.364,-0.356,-0.372
1866-01-01,-0.348,-0.364,-0.356,-0.372
1866-02-01,-0.436,-0.364,-0.356,-0.372
1866-03-01,-0.473,-0.364,-0.356,-0.372
1866-04-01,-0.422,-0.363,-0.355,-0.371
1866-05-01,-0.375,-0.363,-0.355,-0.371
1866-06-01,-0.362,-0.363,-0.355,-0.371
1866-07-01,-0.345,-0.363,-0.355,-0.371
1866-08-01,-0.368,-0.362,-0.354,-0.37
1866-09-01,-0.38,-0.362,-0.354,-0.37
1866-10-01,-0.252,-0.362,-0.354,-0.37
1866-11-01,-0.336,-0.362,-0.354,-0.37
1866-12-01,-0.4,-0.361,-0.353,-0.369
1867-01-01,-0.238,-0.361,-0.353,-0.369
1867-02-01,-0.375,-0.361,-0.353,-0.369
1867-03-01,-0.241,-0.361,-0.353,-0.369
1867-04-01,-0.392,-0.36,-0.353,-0.368
1867-05-01,-0.336,-0.36,-0.352,-0.368
1867-06-01,-0.362,-0.36,-0.352,-0.368
1867-07-01,-0.204,-0.36,-0.352,-0.368
1867-08-01,-0.374,-0.359,-0.352,-0.367
1867-09-01,-0.377,-0.359,-0.351,-0.367
1867-10-01,-0.343,-0.359,-0.351,-0.367
1867-11-01,-0.388,-0.359,-0.351,-0.367
1867-12-01,-0.357,-0.359,-0.351,-0.366
1868-01-01,-0.336,-0.358,-0.35,-0.366
1868-02-01,-0.421,-0.358,-0.35,-0.366
1868-03-01,-0.397,-0.358,-0.35,-0.366
1868-04-01,-0.304,-0.358,-0.35,-0.365
1868-05-01,-0.113,-0.357,-0.349,-0.365
1868-06-01,-0.31,-0.357,-0.349,-0.365
1868-07-01,-0.296,-0.357,-0.349,-0.365
1868-08-01,-0.398,-0.357,-0.349,-0.364
1868-09-01,-0.298,-0.356,-0.348,-0.364
1868-10-01,-0.328,-0.356,-0.348,-0.364
1868-11-01,-0.297,-0.356,-0.348,-0.364
1868-12-01,-0.412,-0.356,-0.348,-0.363
1869-01-01,-0.314,-0.355,-0.348,-0.363
1869-02-01,-0.369,-0.355,-0.347,-0.363
1869-03-01,-0.4,-0.355,-0.347,-0.363
1869-04-01,-0.374,-0.355,-0.347,-0.362
1869-05-01,-0.308,-0.354,-0.347,-0.362
1869-06-01,-0.392,-0.354,-0.346,-0.362
1869-07-01,-0.369,-0.354,-0.346,-0.362
1869-08-01,-0.374,-0.354,-0.346,-0.361
1869-09-01,-0.371,-0.353,-0.346,-0.361
1869-10-01,-0.343,-0.353,-0.345,-0.361
1869-11-01,-0.367,-0.353,-0.345,-0.361
1869-12-01,-0.29,-0.353,-0.345,-0.36
1870-01-01,-0.329,-0.352,-0.345,-0.36
1870-02-01,-0.217,-0.352,-0.344,-0.36
1870-03-01,-0.193,-0.352,-0.344,-0.36
1870-04-01,-0.179,-0.352,-0.344,-0.359
1870-05-01,-0.278,-0.351,-0.344,-0.359
1870-06-01,-0.313,-0.351,-0.343,-0.359
1870-07-01,-0.311,-0.351,-0.343,-0.359
1870-08-01,-0.307,-0.351,-0.343,-0.358
1870-09-01,-0.316,-0.35,-0.343,-0.358
1870-10-01,-0.313,-0.35,-0.343,-0.358
1870-11-01,-0.391,-0.35,-0.342,-0.358
1870-12-01,-0.351,-0.35,-0.342,-0.357
1871-01-01,-0.354,-0.35,-0.342,-0.357
1871-02-01,-0.351,-0.349,-0.342,-0.357
1871-03-01,-0.29,-0.349,-0.341,-0.357
1871-04-01,-0.267,-0.349,-0.341,-0.356
1871-05-01,-0.363,-0.349,-0.341,-0.356
1871-06-01,-0.328,-0.348,-0.341,-0.356
1871-07-01,-0.332,-0.348,-0.34,-0.356
1871-08-01,-0.356,-0.348,-0.34,-0.355
1871-09-01,-0.352,-0.348,-0.34,-0.355
1871-10-01,-0.435,-0.347,-0.34,-0.355
1871-11-01,-0.342,-0.347,-0.339,-0.355
1871-12-01,-0.492,-0.347,-0.339,-0.354
1872-01-01,-0.366,-0.347,-0.339,-0.354
1872-02-01,-0.284,-0.346,-0.339,-0.354
1872-03-01,-0.403,-0.346,-0.339,-0.354
1872-04-01,-0.401,-0.346,-0.338,-0.353
1872-05-01,-0.415,-0.346,-0.338,-0.353
1872-06-01,-0.344,-0.345,-0.338,-0.353
1872-07-01,-0.339,-0.345,-0.338,-0.353
1872-08-01,-0.362,-0.345,-0.337,-0.352
1872-09-01,-0.429,-0.345,-0.337,-0.352
1872-10-01,-0.319,-0.344,-0.337,-0.352
1872-11-01,-0.336,-0.344,-0.337,-0.352
1872-12-01,-0.29,-0.344,-0.336,-0.351
1873-01-01,-0.336,-0.344,-0.336,-0.351
1873-02-01,-0.32,-0.343,-0.336,-0.351
1873-03-01,-0.434,-0.343,-0.336,-0.351
1873-04-01,-0.27,-0.343,-0.335,-0.35
1873-05-01,-0.308,-0.343,-0.335,-0.35
1873-06-01,-0.359,-0.342,-0.335,-0.35
1873-07-01,-0.329,-0.342,-0.335,-0.35
1873-08-01,-0.325,-0.342,-0.334,-0.349
1873-09-01,-0.352,-0.342,-0.334,-0.349
1873-10-01,-0.304,-0.341,-0.334,-0.349
1873-11-01,-0.406,-0.341,-0.334,-0.349
1873-12-01,-0.327,-0.341,-0.334,-0.348
1874-01-01,-0.287,-0.341,-0.333,-0.348
1874-02-01,-0.326,-0.34,-0.333,-0.348
1874-03-01,-0.446,-0.34,-0.333,-0.348
1874-04-01,-0.432,-0.34,-0.333,-0.347
1874-05-01,-0.357,-0.34,-0.332,-0.347
1874-06-01,-0.356,-0.34,-0.332,-0.347
1874-07-01,-0.366,-0.339,-0.332,-0.347
1874-08-01,-0.346,-0.339,-0.332,-0.346
1874-09-01,-0.337,-0.339,-0.331,-0.346
1874-10-01,-0.447,-0.339,-0.331,-0.346
1874-11-01,-0.443,-0.338,-0.331,-0.346
1874-12-01,-0.498,-0.338,-0.331,-0.345
1875-01-01,-0.323,-0.338,-0.33,-0.345
1875-02-01,-0.455,-0.338,-0.33,-0.345
1875-03-01,-0.336,-0.337,-0.33,-0.345
1875-04-01,-0.352,-0.337,-0.33,-0.344
1875-05-01,-0.424,-0.337,-0.329,-0.344
1875-06-01,-0.414,-0.337,-0.329,-0.344
1875-07-01,-0.363,-0.336,-0.329,-0.344
1875-08-01,-0.328,-0.336,-0.329,-0.343
1875-09-01,-0.395,-0.336,-0.329,-0.343
1875-10-01,-0.368,-0.336,-0.328,-0.343
1875-11-01,-0.37,-0.335,-0.328,-0.343
1875-12-01,-0.327,-0.335,-0.328,-0.342
1876-01-01,-0.485,-0.335,-0.328,-0.342
1876-02-01,-0.384,-0.335,-0.327,-0.342
1876-03-01,-0.33,-0.334,-0.327,-0.342
1876-04-01,-0.328,-0.334,-0.327,-0.341
1876-05-01,-0.378,-0.334,-0.327,-0.341
1876-06-01,-0.368,-0.334,-0.326,-0.341
1876-07-01,-0.351,-0.333,-0.326,-0.341
1876-08-01,-0.343,-0.333,-0.326,-0.34
1876-09-01,-0.288,-0.333,-0.326,-0.34
1876-10-01,-0.444,-0.333,-0.325,-0.34
1876-11-01,-0.159,-0.332,-0.325,-0.34
1876-12-01,-0.324,-0.332,-0.325,-0.339
1877-01-01,-0.409,-0.332,-0.325,-0.339
1877-02-01,-0.339,-0.332,-0.324,-0.339
1877-03-01,-0.339,-0.331,-0.324,-0.339
1877-04-01,-0.27,-0.331,-0.324,-0.338
1877-05-01,-0.314,-0.331,-0.324,-0.338
1877-06-01,-0.371,-0.331,-0.324,-0.338
1877-07-01,-0.329,-0.331,-0.323,-0.338
1877-08-01,-0.27,-0.33,-0.323,-0.337
1877-09-01,-0.325,-0.33,-0.323,-0.337
1877-10-01,-0.279,-0.33,-0.323,-0.337
1877-11-01,-0.23,-0.33,-0.322,-0.337
1877-12-01,-0.303,-0.329,-0.322,-0.336
1878-01-01,-0.278,-0.329,-0.322,-0.336
1878-02-01,-0.134,-0.329,-0.322,-0.336
1878-03-01,-0.254,-0.329,-0.321,-0.336
1878-04-01,-0.218,-0.328,-0.321,-0.335
1878-05-01,-0.244,-0.328,-0.321,-0.335
1878-06-01,-0.283,-0.328,-0.321,-0.335
1878-07-01,-0.314,-0.328,-0.32,-0.335
1878-08-01,-0.276,-0.327,-0.32,-0.334
1878-09-01,-0.307,-0.327,-0.32,-0.334
1878-10-01,-0.316,-0.327,-0.32,-0.334
1878-11-01,-0.361,-0.327,-0.32,-0.334
1878-12-01,-0.233,-0.326,-0.319,-0.333
1893-01-01,-0.256,-0.285,-0.279,-0.291
1893-02-01,-0.372,-0.285,-0.279,-0.291
1893-03-01,-0.275,-0.285,-0.279,-0.291
1893-04-01,-0.258,-0.284,-0.278,-0.291
1893-05-01,-0.263,-0.284,-0.278,-0.29
1893-06-01,-0.237,-0.284,-0.278,-0.29
1893-07-01,-0.305,-0.284,-0.278,-0.29
1893-08-01,-0.246,-0.284,-0.277,-0.29
1893-09-01,-0.307,-0.283,-0.277,-0.289
1893-10-01,-0.258,-0.283,-0.277,-0.289
1893-11-01,-0.272,-0.283,-0.277,-0.289
1893-12-01,-0.357,-0.283,-0.276,-0.289
1894-01-01,-0.183,-0.282,-0.276,-0.288
1894-02-01,-0.266,-0.282,-0.276,-0.288
1894-03-01,-0.281,-0.282,-0.276,-0.288
1894-04-01,-0.182,-0.282,-0.276,-0.288
1894-05-01,-0.244,-0.281,-0.275,-0.287
1894-06-01,-0.319,-0.281,-0.275,-0.287
1894-07-01,-0.308,-0.281,-0.275,-0.287
1894-08-01,-0.295,-0.281,-0.275,-0.287
1894-09-01,-0.279,-0.28,-0.274,-0.286
1894-10-01,-0.273,-0.28,-0.274,-0.286
1894-11-01,-0.388,-0.28,-0.274,-0.286
1894-12-01,-0.242,-0.28,-0.274,-0.286
1895-01-01,-0.311,-0.279,-0.273,-0.285
1895-02-01,-0.384,-0.279,-0.273,-0.285
1895-03-01,-0.382,-0.279,-0.273,-0.285
1895-04-01,-0.27,-0.279,-0.273,-0.285
1895-05-01,-0.314,-0.278,-0.272,-0.284
1895-06-01,-0.258,-0.278,-0.272,-0.284
1895-07-01,-0.256,-0.278,-0.272,-0.284
1895-08-01,-0.307,-0.278,-0.272,-0.284
1895-09-01,-0.291,-0.277,-0.271,-0.283
1895-10-01,-0.313,-0.277,-0.271,-0.283
1895-11-01,-0.284,-0.277,-0.271,-0.283
1895-12-01,-0.178,-0.277,-0.271,-0.283
1896-01-01,-0.198,-0.276,-0.27,-0.282
1896-02-01,-0.311,-0.276,-0.27,-0.282
1896-03-01,-0.43,-0.276,-0.27,-0.282
1896-04-01,-0.31,-0.276,-0.27,-0.282
1896-05-01,-0.253,-0.275,-0.27,-0.281
1896-06-01,-0.277,-0.275,-0.269,-0.281
1896-07-01,-0.308,-0.275,-0.269,-0.281
1896-08-01,-0.282,-0.275,-0.269,-0.281
1896-09-01,-0.264,-0.275,-0.269,-0.28
1896-10-01,-0.185,-0.274,-0.268,-0.28
1896-11-01,-0.254,-0.274,-0.268,-0.28
1896-12-01,-0.181,-0.274,-0.268,-0.28
1897-01-01,-0.302,-0.274,-0.268,-0.279
1897-02-01,-0.147,-0.273,-0.267,-0.279
1897-03-01,-0.284,-0.273,-0.267,-0.279
1897-04-01,-0.34,-0.273,-0.267,-0.279
1897-05-01,-0.269,-0.273,-0.267,-0.278
1897-06-01,-0.237,-0.272,-0.266,-0.278
1897-07-01,-0.192,-0.272,-0.266,-0.278
1897-08-01,-0.215,-0.272,-0.266,-0.278
1897-09-01,-0.249,-0.272,-0.266,-0.277
1897-10-01,-0.164,-0.271,-0.265,-0.277
1897-11-01,-0.315,-0.271,-0.265,-0.277
1897-12-01,-0.272,-0.271,-0.265,-0.277
1898-01-01,-0.241,-0.271,-0.265,-0.276
1898-02-01,-0.232,-0.27,-0.265,-0.276
1898-03-01,-0.266,-0.27,-0.264,-0.276
1898-04-01,-0.194,-0.27,-0.264,-0.276
1898-05-01,-0.171,-0.27,-0.264,-0.275
1898-06-01,-0.243,-0.269,-0.264,-0.275
1898-07-01,-0.238,-0.269,-0.263,-0.275
1898-08-01,-0.276,-0.269,-0.263,-0.275
1898-09-01,-0.276,-0.269,-0.263,-0.274
1898-10-01,-0.225,-0.268,-0.263,-0.274
1898-11-01,-0.245,-0.268,-0.262,-0.274
1898-12-01,-0.315,-0.268,-0.262,-0.274
1899-01-01,-0.311,-0.268,-0.262,-0.273
1899-02-01,-0.25,-0.267,-0.262,-0.273
1899-03-01,-0.202,-0.267,-0.261,-0.273
1899-04-01,-0.258,-0.267,-0.261,-0.273
1899-05-01,-0.211,-0.267,-0.261,-0.272
1899-06-01,-0.283,-0.266,-0.261,-0.272
1899-07-01,-0.287,-0.266,-0.26,-0.272
1899-08-01,-0.209,-0.266,-0.26,-0.272
1899-09-01,-0.243,-0.266,-0.26,-0.271
1899-10-01,-0.273,-0.266,-0.26,-0.271
1899-11-01,-0.184,-0.265,-0.26,-0.271
1899-12-01,-0.245,-0.265,-0.259,-0.271
1900-01-01,-0.372,-0.265,-0.259,-0.27
1900-02-01,-0.339,-0.265,-0.259,-0.27
1900-03-01,-0.336,-0.264,-0.259,-0.27
1900-04-01,-0.325,-0.264,-0.258,-0.27
1900-05-01,-0.266,-0.264,-0.258,-0.269
1900-06-01,-0.246,-0.264,-0.258,-0.269
1900-07-01,-0.275,-0.263,-0.258,-0.269
1900-08-01,-0.24,-0.263,-0.257,-0.269
1900-09-01,-0.267,-0.263,-0.257,-0.268
1900-10-01,-0.246,-0.263,-0.257,-0.268
1900-11-01,-0.284,-0.262,-0.257,-0.268
1900-12-01,-0.254,-0.262,-0.256,-0.268
1901-01-01,-0.195,-0.262,-0.256,-0.268
1901-02-01,-0.43,-0.262,-0.256,-0.267
1901-03-01,-0.278,-0.261,-0.256,-0.267
1901-04-01,-0.09,-0.261,-0.255,-0.267
1901-05-01,-0.159,-0.261,-0.255,-0.267
1901-06-01,-0.206,-0.261,-0.255,-0.266
1901-07-01,-0.198,-0.26,-0.255,-0.266
1901-08-01,-0.191,-0.26,-0.255,-0.266
1901-09-01,-0.176,-0.26,-0.254,-0.266
1901-10-01,-0.295,-0.26,-0.254,-0.265
1901-11-01,-0.217,-0.259,-0.254,-0.265
1901-12-01,-0.196,-0.259,-0.254,-0.265
1902-01-01,-0.25,-0.259,-0.253,-0.265
1902-02-01,-0.208,-0.259,-0.253,-0.264
1902-03-01,-0.165,-0.258,-0.253,-0.264
1902-04-01,-0.227,-0.258,-0.253,-0.264
1902-05-01,-0.284,-0.258,-0.252,-0.264
1902-06-01,-0.258,-0.258,-0.252,-0.263
1902-07-01,-0.208,-0.257,-0.252,-0.263
1902-08-01,-0.209,-0.257,-0.252,-0.263
1902-09-01,-0.191,-0.257,-0.251,-0.263
1902-10-01,-0.191,-0.257,-0.251,-0.262
1902-11-01,-0.135,-0.256,-0.251,-0.262
1902-12-01,-0.156,-0.256,-0.251,-0.262
1903-01-01,-0.29,-0.256,-0.25,-0.262
1903-02-01,-0.357,-0.256,-0.25,-0.261
1903-03-01,-0.229,-0.256,-0.25,-0.261
1903-04-01,-0.133,-0.255,-0.25,-0.261
1903-05-01,-0.244,-0.255,-0.25,-0.261
1903-06-01,-0.115,-0.255,-0.249,-0.26
1903-07-01,-0.217,-0.255,-0.249,-0.26
1903-08-01,-0.188,-0.254,-0.249,-0.26
1903-09-01,-0.243,-0.254,-0.249,-0.26
1903-10-01,-0.124,-0.254,-0.248,-0.259
1903-11-01,-0.251,-0.254,-0.248,-0.259
1903-12-01,-0.336,-0.253,-0.248,-0.259
1904-01-01,-0.262,-0.253,-0.248,-0.259
1904-02-01,-0.366,-0.253,-0.247,-0.258
1904-03-01,-0.287,-0.253,-0.247,-0.258
1904-04-01,-0.282,-0.252,-0.247,-0.258
1904-05-01,-0.269,-0.252,-0.247,-0.258
1904-06-01,-0.225,-0.252,-0.246,-0.257
1904-07-01,-0.25,-0.252,-0.246,-0.257
1904-08-01,-0.292,-0.251,-0.246,-0.257
1904-09-01,-0.279,-0.251,-0.246,-0.257
1904-10-01,-0.289,-0.251,-0.245,-0.256
1904-11-01,-0.236,-0.251,-0.245,-0.256
1904-12-01,-0.251,-0.25,-0.245,-0.256
1905-01-01,-0.256,-0.25,-0.245,-0.256
1905-02-01,-0.366,-0.25,-0.245,-0.255
1905-03-01,-0.309,-0.25,-0.244,-0.255
1905-04-01,-0.304,-0.249,-0.244,-0.255
1905-05-01,-0.327,-0.249,-0.244,-0.255
1905-06-01,-0.273,-0.249,-0.244,-0.254
1905-07-01,-0.265,-0.249,-0.243,-0.254
1905-08-01,-0.234,-0.248,-0.243,-0.254
1905-09-01,-0.27,-0.248,-0.243,-0.254
1905-10-01,-0.298,-0.248,-0.243,-0.253
1905-11-01,-0.309,-0.248,-0.242,-0.253
1905-12-01,-0.223,-0.247,-0.242,-0.253
1906-01-01,-0.183,-0.247,-0.242,-0.253
1906-02-01,-0.275,-0.247,-0.242,-0.252
1906-03-01,-0.354,-0.247,-0.241,-0.252
1906-04-01,-0.267,-0.247,-0.241,-0.252
1906-05-01,-0.293,-0.246,-0.241,-0.252
1906-06-01,-0.219,-0.246,-0.241,-0.251
1906-07-01,-0.208,-0.246,-0.24,-0.251
1906-08-01,-0.215,-0.246,-0.24,-0.251
1906-09-01,-0.252,-0.245,-0.24,-0.251
1906-10-01,-0.2,-0.245,-0.24,-0.25
1906-11-01,-0.275,-0.245,-0.239,-0.25
1906-12-01,-0.287,-0.245,-0.239,-0.25
1907-01-01,-0.278,-0.244,-0.239,-0.25
1907-02-01,-0.317,-0.244,-0.239,-0.249
1907-03-01,-0.272,-0.244,-0.239,-0.249
1907-04-01,-0.267,-0.244,-0.238,-0.249
1907-05-01,-0.29,-0.243,-0.238,-0.249
1907-06-01,-0.225,-0.243,-0.238,-0.248
1907-07-01,-0.256,-0.243,-0.238,-0.248
1907-08-01,-0.276,-0.243,-0.237,-0.248
1907-09-01,-0.298,-0.242,-0.237,-0.248
1907-10-01,-0.313,-0.242,-0.237,-0.247
1907-11-01,-0.211,-0.242,-0.237,-0.247
1907-12-01,-0.211,-0.242,-0.236,-0.247
1908-01-01,-0.275,-0.241,-0.236,-0.247
1908-02-01,-0.323,-0.241,-0.236,-0.246
1908-03-01,-0.312,-0.241,-0.236,-0.246
1908-04-01,-0.383,-0.241,-0.235,-0.246
1908-05-01,-0.26,-0.24,-0.235,-0.246
1908-06-01,-0.27,-0.24,-0.235,-0.245
1908-07-01,-0.262,-0.24,-0.235,-0.245
1908-08-01,-0.173,-0.24,-0.234,-0.245
1908-09-01,-0.227,-0.239,-0.234,-0.245
1908-10-01,-0.182,-0.239,-0.234,-0.244
1908-11-01,-0.358,-0.239,-0.234,-0.244
1908-12-01,-0.29,-0.239,-0.234,-0.244
1909-01-01,-0.22,-0.238,-0.233,-0.244
1909-02-01,-0.256,-0.238,-0.233,-0.243
1909-03-01,-0.278,-0.238,-0.233,-0.243
1909-04-01,-0.313,-0.238,-0.233,-0.243
1909-05-01,-0.177,-0.237,-0.232,-0.243
1909-06-01,-0.24,-0.237,-0.232,-0.242
1909-07-01,-0.244,-0.237,-0.232,-0.242
1909-08-01,-0.188,-0.237,-0.232,-0.242
1909-09-01,-0.221,-0.237,-0.231,-0.242
1909-10-01,-0.307,-0.236,-0.231,-0.241
1909-11-01,-0.223,-0.236,-0.231,-0.241
1909-12-01,-0.169,-0.236,-0.231,-0.241
1910-01-01,-0.174,-0.236,-0.23,-0.241
1910-02-01,-0.25,-0.235,-0.23,-0.24
1910-03-01,-0.226,-0.235,-0.23,-0.24
1910-04-01,-0.157,-0.235,-0.23,-0.24
1910-05-01,-0.232,-0.235,-0.229,-0.24
1910-06-01,-0.2,-0.234,-0.229,-0.239
1910-07-01,-0.211,-0.234,-0.229,-0.239
1910-08-01,-0.27,-0.234,-0.229,-0.239
1910-09-01,-0.212,-0.234,-0.228,-0.239
1910-10-01,-0.255,-0.233,-0.228,-0.238
1910-11-01,-0.196,-0.233,-0.228,-0.238
1910-12-01,-0.217,-0.233,-0.228,-0.238
1911-01-01,-0.275,-0.233,-0.228,-0.238
1911-02-01,-0.162,-0.232,-0.227,-0.237
1911-03-01,-0.296,-0.232,-0.227,-0.237
1911-04-01,-0.243,-0.232,-0.227,-0.237
1911-05-01,-0.256,-0.232,-0.227,-0.237
1911-06-01,-0.197,-0.231,-0.226,-0.236
1911-07-01,-0.272,-0.231,-0.226,-0.236
1911-08-01,-0.243,-0.231,-0.226,-0.236
1911-09-01,-0.17,-0.231,-0.226,-0.236
1911-10-01,-0.158,-0.23,-0.225,-0.235
1911-11-01,-0.309,-0.23,-0.225,-0.235
1911-12-01,-0.233,-0.23,-0.225,-0.235
1912-01-01,-0.342,-0.23,-0.225,-0.235
1912-02-01,-0.314,-0.229,-0.224,-0.235
1912-03-01,-0.293,-0.229,-0.224,-0.234
1912-04-01,-0.31,-0.229,-0.224,-0.234
1912-05-01,-0.269,-0.229,-0.224,-0.234
1912-06-01,-0.307,-0.228,-0.223,-0.234
1912-07-01,-0.302,-0.228,-0.223,-0.233
1912-08-01,-0.264,-0.228,-0.223,-0.233
1912-09-01,-0.203,-0.228,-0.223,-0.233
1912-10-01,-0.261,-0.228,-0.223,-0.233
1912-11-01,-0.263,-0.227,-0.222,-0.232
1912-12-01,-0.327,-0.227,-0.222,-0.232
1913-01-01,-0.275,-0.227,-0.222,-0.232
1913-02-01,-0.33,-0.227,-0.222,-0.232
1913-03-01,-0.409,-0.226,-0.221,-0.231
1913-04-01,-0.273,-0.226,-0.221,-0.231
1913-05-01,-0.263,-0.226,-0.221,-0.231
1913-06-01,-0.277,-0.226,-0.221,-0.231
1913-07-01,-0.287,-0.225,-0.22,-0.23
1913-08-01,-0.24,-0.225,-0.22,-0.23
1913-09-01,-0.261,-0.225,-0.22,-0.23
1913-10-01,-0.161,-0.225,-0.22,-0.23
1913-11-01,-0.239,-0.224,-0.219,-0.229
1913-12-01,-0.251,-0.224,-0.219,-0.229
1914-01-01,-0.125,-0.224,-0.219,-0.229
1914-02-01,-0.293,-0.224,-0.219,-0.229
1914-03-01,-0.248,-0.223,-0.218,-0.228
1914-04-01,-0.246,-0.223,-0.218,-0.228
1914-05-01,-0.229,-0.223,-0.218,-0.228
1914-06-01,-0.264,-0.223,-0.218,-0.228
1914-07-01,-0.214,-0.222,-0.217,-0.227
1914-08-01,-0.261,-0.222,-0.217,-0.227
1914-09-01,-0.252,-0.222,-0.217,-0.227
1914-10-01,-0.212,-0.222,-0.217,-0.227
1914-11-01,-0.294,-0.221,-0.217,-0.226
1914-12-01,-0.172,-0.221,-0.216,-0.226
1915-01-01,-0.165,-0.221,-0.216,-0.226
1915-02-01,-0.144,-0.221,-0.216,-0.226
1915-03-01,-0.223,-0.22,-0.216,-0.225
1915-04-01,-0.301,-0.22,-0.215,-0.225
1915-05-01,-0.253,-0.22,-0.215,-0.225
1915-06-01,-0.225,-0.22,-0.215,-0.225
1915-07-01,-0.198,-0.219,-0.215,-0.224
1915-08-01,-0.17,-0.219,-0.214,-0.224
1915-09-01,-0.27,-0.219,-0.214,-0.224
1915-10-01,-0.212,-0.219,-0.214,-0.224
1915-11-01,-0.227,-0.219,-0.214,-0.223
1915-12-01,-0.242,-0.218,-0.213,-0.223
1916-01-01,-0.25,-0.218,-0.213,-0.223
1916-02-01,-0.241,-0.218,-0.213,-0.223
1916-03-01,-0.217,-0.218,-0.213,-0.222
1916-04-01,-0.145,-0.217,-0.212,-0.222
1916-05-01,-0.22,-0.217,-0.212,-0.222
1916-06-01,-0.158,-0.217,-0.212,-0.222
1916-07-01,-0.256,-0.217,-0.212,-0.221
1916-08-01,-0.215,-0.216,-0.211,-0.221
1916-09-01,-0.234,-0.216,-0.211,-0.221
1916-10-01,-0.249,-0.216,-0.211,-0.221
1916-11-01,-0.245,-0.216,-0.211,-0.22
1916-12-01,-0.339,-0.215,-0.211,-0.22
1917-01-01,-0.278,-0.215,-0.21,-0.22
1917-02-01,-0.272,-0.215,-0.21,-0.22
1917-03-01,-0.208,-0.215,-0.21,-0.219
1917-04-01,-0.246,-0.214,-0.21,-0.219
1917-05-01,-0.144,-0.214,-0.209,-0.219
1917-06-01,-0.219,-0.214,-0.209,-0.219
1917-07-01,-0.198,-0.214,-0.209,-0.218
1917-08-01,-0.206,-0.213,-0.209,-0.218
1917-09-01,-0.227,-0.213,-0.208,-0.218
1917-10-01,-0.219,-0.213,-0.208,-0.218
1917-11-01,-0.22,-0.213,-0.208,-0.217
1917-12-01,-0.226,-0.212,-0.208,-0.217
1918-01-01,-0.177,-0.212,-0.207,-0.217
1918-02-01,-0.202,-0.212,-0.207,-0.217
1918-03-01,-0.181,-0.212,-0.207,-0.216
1918-04-01,-0.169,-0.211,-0.207,-0.216
1918-05-01,-0.339,-0.211,-0.206,-0.216
1918-06-01,-0.234,-0.211,-0.206,-0.216
1918-07-01,-0.226,-0.211,-0.206,-0.215
1918-08-01,-0.243,-0.21,-0.206,-0.215
1918-09-01,-0.282,-0.21,-0.205,-0.215
1918-10-01,-0.301,-0.21,-0.205,-0.215
1918-11-01,-0.236,-0.21,-0.205,-0.214
1918-12-01,-0.126,-0.209,-0.205,-0.214
1919-01-01,-0.238,-0.209,-0.205,-0.214
1919-02-01,-0.186,-0.209,-0.204,-0.214
1919-03-01,-0.181,-0.209,-0.204,-0.213
1919-04-01,-0.218,-0.209,-0.204,-0.213
1919-05-01,-0.141,-0.208,-0.204,-0.213
1919-06-01,-0.164,-0.208,-0.203,-0.213
1919-07-01,-0.198,-0.208,-0.203,-0.212
1919-08-01,-0.139,-0.208,-0.203,-0.212
1919-09-01,-0.197,-0.207,-0.203,-0.212
1919-10-01,-0.158,-0.207,-0.202,-0.212
1919-11-01,-0.089,-0.207,-0.202,-0.212
1919-12-01,-0.202,-0.207,-0.202,-0.211
1920-06-01,-0.152,-0.205,-0.2,-0.21
1920-07-01,-0.211,-0.205,-0.2,-0.21
1920-08-01,-0.182,-0.205,-0.2,-0.209
1920-09-01,-0.197,-0.204,-0.2,-0.209
1920-10-01,-0.185,-0.204,-0.199,-0.209
1920-11-01,-0.159,-0.204,-0.199,-0.209
1920-12-01,-0.126,-0.204,-0.199,-0.208
1921-01-01,-0.198,-0.203,-0.199,-0.208
1921-02-01,-0.074,-0.203,-0.199,-0.208
1921-03-01,-0.199,-0.203,-0.198,-0.208
1921-04-01,-0.154,-0.203,-0.198,-0.207
1921-05-01,-0.064,-0.202,-0.198,-0.207
1921-06-01,-0.173,-0.202,-0.198,-0.207
1921-07-01,-0.171,-0.202,-0.197,-0.207
1921-08-01,-0.225,-0.202,-0.197,-0.206
1921-09-01,-0.197,-0.201,-0.197,-0.206
1921-10-01,-0.276,-0.201,-0.197,-0.206
1921-11-01,-0.144,-0.201,-0.196,-0.206
1921-12-01,-0.208,-0.201,-0.196,-0.205
1922-01-01,-0.269,-0.2,-0.196,-0.205
1922-02-01,-0.202,-0.2,-0.196,-0.205
1922-03-01,-0.214,-0.2,-0.195,-0.205
1922-04-01,-0.24,-0.2,-0.195,-0.204
1922-05-01,-0.223,-0.2,-0.195,-0.204
1922-06-01,-0.209,-0.199,-0.195,-0.204
1922-07-01,-0.198,-0.199,-0.194,-0.204
1922-08-01,-0.221,-0.199,-0.194,-0.203
1922-09-01,-0.212,-0.199,-0.194,-0.203
1922-10-01,-0.222,-0.198,-0.194,-0.203
1922-11-01,-0.22,-0.198,-0.193,-0.203
1922-12-01,-0.187,-0.198,-0.193,-0.202
1923-01-01,-0.165,-0.198,-0.193,-0.202
1923-02-01,-0.22,-0.197,-0.193,-0.202
1923-03-01,-0.235,-0.197,-0.193,-0.202
1923-04-01,-0.209,-0.197,-0.192,-0.201
1923-05-01,-0.235,-0.197,-0.192,-0.201
1923-06-01,-0.231,-0.196,-0.192,-0.201
1923-07-01,-0.217,-0.196,-0.192,-0.201
1923-08-01,-0.234,-0.196,-0.191,-0.2
1923-09-01,-0.249,-0.196,-0.191,-0.2
1923-10-01,-0.206,-0.195,-0.191,-0.2
1923-11-01,-0.135,-0.195,-0.191,-0.2
1923-12-01,-0.199,-0.195,-0.19,-0.199
1924-01-01,-0.29,-0.195,-0.19,-0.199
1924-02-01,-0.11,-0.194,-0.19,-0.199
1924-03-01,-0.068,-0.194,-0.19,-0.199
1924-04-01,-0.203,-0.194,-0.189,-0.198
1924-05-01,-0.144,-0.194,-0.189,-0.198
1924-06-01,-0.203,-0.193,-0.189,-0.198
1924-07-01,-0.232,-0.193,-0.189,-0.198
1924-08-01,-0.197,-0.193,-0.188,-0.197
1924-09-01,-0.224,-0.193,-0.188,-0.197
1924-10-01,-0.225,-0.192,-0.188,-0.197
1924-11-01,-0.236,-0.192,-0.188,-0.197
1924-12-01,-0.315,-0.192,-0.187,-0.196
1925-01-01,-0.113,-0.192,-0.187,-0.196
1925-02-01,-0.195,-0.191,-0.187,-0.196
1925-03-01,-0.278,-0.191,-0.187,-0.196
1925-04-01,-0.224,-0.191,-0.187,-0.195
1925-05-01,-0.235,-0.191,-0.186,-0.195
1925-06-01,-0.246,-0.191,-0.186,-0.195
1925-07-01,-0.223,-0.19,-0.186,-0.195
1925-08-01,-0.24,-0.19,-0.186,-0.194
1925-09-01,-0.2,-0.19,-0.185,-0.194
1925-10-01,-0.289,-0.19,-0.185,-0.194
1925-11-01,-0.26,-0.189,-0.185,-0.194
1925-12-01,-0.257,-0.189,-0.185,-0.194
1926-01-01,-0.302,-0.189,-0.184,-0.193
1926-02-01,-0.168,-0.189,-0.184,-0.193
1926-03-01,-0.305,-0.188,-0.184,-0.193
1926-04-01,-0.285,-0.188,-0.184,-0.193
1926-05-01,-0.247,-0.188,-0.183,-0.192
1926-06-01,-0.246,-0.188,-0.183,-0.192
1926-07-01,-0.226,-0.187,-0.183,-0.192
1926-08-01,-0.17,-0.187,-0.183,-0.192
1926-09-01,-0.176,-0.187,-0.182,-0.191
1926-10-01,-0.209,-0.187,-0.182,-0.191
1926-11-01,-0.266,-0.186,-0.182,-0.191
1926-12-01,-0.196,-0.186,-0.182,-0.191
1927-01-01,-0.29,-0.186,-0.181,-0.19
1927-02-01,-0.119,-0.186,-0.181,-0.19
1927-03-01,-0.159,-0.185,-0.181,-0.19
1927-04-01,-0.237,-0.185,-0.181,-0.19
1927-05-01,-0.199,-0.185,-0.18,-0.189
1927-06-01,-0.209,-0.185,-0.18,-0.189
1927-07-01,-0.235,-0.184,-0.18,-0.189
1927-08-01,-0.164,-0.184,-0.18,-0.189
1927-09-01,-0.218,-0.184,-0.18,-0.188
1927-10-01,-0.191,-0.184,-0.179,-0.188
1927-11-01,-0.199,-0.183,-0.179,-0.188
1927-12-01,-0.15,-0.183,-0.179,-0.188
1928-01-01,-0.314,-0.183,-0.179,-0.187
1928-02-01,-0.253,-0.183,-0.178,-0.187
1928-03-01,-0.248,-0.182,-0.178,-0.187
1928-04-01,-0.285,-0.182,-0.178,-0.187
1928-05-01,-0.217,-0.182,-0.178,-0.186
1928-06-01,-0.2,-0.182,-0.177,-0.186
1928-07-01,-0.201,-0.181,-0.177,-0.186
1928-08-01,-0.17,-0.181,-0.177,-0.186
1928-09-01,-0.176,-0.181,-0.177,-0.185
1928-10-01,-0.289,-0.181,-0.176,-0.185
1928-11-01,-0.3,-0.181,-0.176,-0.185
1928-12-01,-0.287,-0.18,-0.176,-0.185
1929-01-01,-0.372,-0.18,-0.176,-0.184
1929-02-01,-0.159,-0.18,-0.175,-0.184
1929-03-01,-0.214,-0.18,-0.175,-0.184
1929-04-01,-0.112,-0.179,-0.175,-0.184
1929-05-01,-0.296,-0.179,-0.175,-0.183
1929-06-01,-0.188,-0.179,-0.174,-0.183
1929-07-01,-0.238,-0.179,-0.174,-0.183
1929-08-01,-0.234,-0.178,-0.174,-0.183
1929-09-01,-0.209,-0.178,-0.174,-0.182
1929-10-01,-0.276,-0.178,-0.174,-0.182
1929-11-01,-0.227,-0.178,-0.173,-0.182
1929-12-01,-0.229,-0.177,-0.173,-0.182
1930-01-01,-0.217,-0.177,-0.173,-0.181
1930-02-01,-0.208,-0.177,-0.173,-0.181
1930-03-01,-0.272,-0.177,-0.172,-0.181
1930-04-01,-0.313,-0.176,-0.172,-0.181
1930-05-01,-0.275,-0.176,-0.172,-0.18
1930-06-01,-0.289,-0.176,-0.172,-0.18
1930-07-01,-0.232,-0.176,-0.171,-0.18
1930-08-01,-0.203,-0.175,-0.171,-0.18
1930-09-01,-0.23,-0.175,-0.171,-0.179
1930-10-01,-0.164,-0.175,-0.171,-0.179
1930-11-01,-0.3,-0.175,-0.17,-0.179
1930-12-01,-0.196,-0.174,-0.17,-0.179
1931-01-01,-0.235,-0.174,-0.17,-0.179
1931-02-01,-0.211,-0.174,-0.17,-0.178
1931-03-01,-0.037,-0.174,-0.169,-0.178
1931-04-01,-0.237,-0.173,-0.169,-0.178
1931-05-01,-0.22,-0.173,-0.169,-0.178
1931-06-01,-0.17,-0.173,-0.169,-0.177
1931-07-01,-0.15,-0.173,-0.168,-0.177
1931-08-01,-0.157,-0.172,-0.168,-0.177
1931-09-01,-0.197,-0.172,-0.168,-0.177
1931-10-01,-0.222,-0.172,-0.168,-0.176
1931-11-01,-0.269,-0.172,-0.167,-0.176
1931-12-01,-0.251,-0.172,-0.167,-0.176
1932-01-01,-0.122,-0.171,-0.167,-0.176
1932-02-01,-0.144,-0.171,-0.167,-0.175
1932-03-01,-0.287,-0.171,-0.167,-0.175
1932-04-01,-0.249,-0.171,-0.166,-0.175
1932-05-01,-0.266,-0.17,-0.166,-0.175
1932-06-01,-0.216,-0.17,-0.166,-0.174
1932-07-01,-0.195,-0.17,-0.166,-0.174
1932-08-01,-0.215,-0.17,-0.165,-0.174
1932-09-01,-0.173,-0.169,-0.165,-0.174
1932-10-01,-0.252,-0.169,-0.165,-0.173
1932-11-01,-0.089,-0.169,-0.165,-0.173
1932-12-01,-0.181,-0.169,-0.164,-0.173
1933-01-01,-0.08,-0.168,-0.164,-0.173
1933-02-01,-0.256,-0.168,-0.164,-0.172
1933-03-01,-0.211,-0.168,-0.164,-0.172
1933-04-01,-0.136,-0.168,-0.163,-0.172
1933-05-01,-0.168,-0.167,-0.163,-0.172
1933-06-01,-0.161,-0.167,-0.163,-0.171
1933-07-01,-0.137,-0.167,-0.163,-0.171
1933-08-01,-0.124,-0.167,-0.162,-0.171
1933-09-01,-0.124,-0.166,-0.162,-0.171
1933-10-01,-0.176,-0.166,-0.162,-0.17
1933-11-01,-0.251,-0.166,-0.162,-0.17
1933-12-01,-0.217,-0.166,-0.161,-0.17
1934-01-01,-0.211,-0.165,-0.161,-0.17
1934-02-01,-0.302,-0.165,-0.161,-0.169
1934-03-01,-0.245,-0.165,-0.161,-0.169
1934-04-01,-0.176,-0.165,-0.16,-0.169
1934-05-01,-0.241,-0.164,-0.16,-0.169
1934-06-01,-0.185,-0.164,-0.16,-0.168
1934-07-01,-0.189,-0.164,-0.16,-0.168
1934-08-01,-0.206,-0.164,-0.159,-0.168
1934-09-01,-0.157,-0.163,-0.159,-0.168
1934-10-01,-0.194,-0.163,-0.159,-0.167
1934-11-01,-0.227,-0.163,-0.159,-0.167
1934-12-01,-0.248,-0.163,-0.159,-0.167
1935-01-01,-0.205,-0.163,-0.158,-0.167
1935-02-01,-0.235,-0.162,-0.158,-0.166
1935-03-01,-0.205,-0.162,-0.158,-0.166
1935-04-01,-0.118,-0.162,-0.158,-0.166
1935-05-01,-0.232,-0.162,-0.157,-0.166
1935-06-01,-0.155,-0.161,-0.157,-0.166
1935-07-01,-0.174,-0.161,-0.157,-0.165
1935-08-01,-0.17,-0.161,-0.157,-0.165
1935-09-01,-0.191,-0.161,-0.156,-0.165
1935-10-01,-0.215,-0.16,-0.156,-0.165
1935-11-01,-0.013,-0.16,-0.156,-0.164
1935-12-01,-0.159,-0.16,-0.156,-0.164
1936-01-01,-0.229,-0.16,-0.155,-0.164
1936-02-01,-0.186,-0.159,-0.155,-0.164
1936-03-01,-0.083,-0.159,-0.155,-0.163
1936-04-01,-0.227,-0.159,-0.155,-0.163
1936-05-01,-0.263,-0.159,-0.154,-0.163
1936-06-01,-0.182,-0.158,-0.154,-0.163
1936-07-01,-0.134,-0.158,-0.154,-0.162
1936-08-01,-0.2,-0.158,-0.154,-0.162
1936-09-01,-0.179,-0.158,-0.153,-0.162
1936-10-01,-0.191,-0.157,-0.153,-0.162
1936-11-01,-0.275,-0.157,-0.153,-0.161
1936-12-01,-0.187,-0.157,-0.153,-0.161
1937-01-01,-0.113,-0.157,-0.152,-0.161
1937-02-01,-0.049,-0.156,-0.152,-0.161
1937-03-01,-0.251,-0.156,-0.152,-0.16
1937-04-01,-0.121,-0.156,-0.152,-0.16
1937-05-01,-0.168,-0.156,-0.152,-0.16
1937-06-01,-0.164,-0.155,-0.151,-0.16
1937-07-01,-0.137,-0.155,-0.151,-0.159
1937-08-01,-0.209,-0.155,-0.151,-0.159
1937-09-01,-0.17,-0.155,-0.151,-0.159
1937-10-01,-0.182,-0.154,-0.15,-0.159
1937-11-01,-0.181,-0.154,-0.15,-0.158
1937-12-01,-0.165,-0.154,-0.15,-0.158
1938-01-01,-0.064,-0.154,-0.15,-0.158
1938-02-01,-0.098,-0.153,-0.149,-0.158
1938-03-01,-0.132,-0.153,-0.149,-0.157
1938-04-01,-0.194,-0.153,-0.149,-0.157
1938-05-01,-0.162,-0.153,-0.149,-0.157
1938-06-01,-0.179,-0.153,-0.148,-0.157
1938-07-01,-0.189,-0.152,-0.148,-0.156
1938-08-01,-0.176,-0.152,-0.148,-0.156
1938-09-01,-0.16,-0.152,-0.148,-0.156
1938-10-01,-0.078,-0.152,-0.147,-0.156
1938-11-01,-0.166,-0.151,-0.147,-0.155
1938-12-01,-0.129,-0.151,-0.147,-0.155
1939-01-01,-0.153,-0.151,-0.147,-0.155
1939-02-01,-0.134,-0.151,-0.146,-0.155
1939-03-01,-0.126,-0.15,-0.146,-0.154
1939-04-01,-0.148,-0.15,-0.146,-0.154
1939-05-01,-0.119,-0.15,-0.146,-0.154
1939-06-01,-0.127,-0.15,-0.145,-0.154
1939-07-01,-0.14,-0.149,-0.145,-0.154
1939-08-01,-0.103,-0.149,-0.145,-0.153
1939-09-01,-0.136,-0.149,-0.145,-0.153
1939-10-01,-0.17,-0.149,-0.144,-0.153
1939-11-01,-0.163,-0.148,-0.144,-0.153
1939-12-01,-0.202,-0.148,-0.144,-0.152
1940-01-01,-0.211,-0.148,-0.144,-0.152
1940-02-01,-0.028,-0.148,-0.144,-0.152
1940-03-01,-0.202,-0.147,-0.143,-0.152
1940-04-01,-0.142,-0.147,-0.143,-0.151
1940-05-01,-0.074,-0.147,-0.143,-0.151
1940-06-01,-0.127,-0.147,-0.143,-0.151
1940-07-01,-0.168,-0.146,-0.142,-0.151
1940-08-01,-0.148,-0.146,-0.142,-0.15
1940-09-01,-0.148,-0.146,-0.142,-0.15
1940-10-01,-0.139,-0.146,-0.142,-0.15
1940-11-01,-0.202,-0.145,-0.141,-0.15
1940-12-01,-0.129,-0.145,-0.141,-0.149
1941-01-01,-0.064,-0.145,-0.141,-0.149
1941-02-01,-0.177,-0.145,-0.141,-0.149
1941-03-01,-0.241,-0.144,-0.14,-0.149
1941-04-01,-0.13,-0.144,-0.14,-0.148
1941-05-01,-0.18,-0.144,-0.14,-0.148
1941-06-01,-0.139,-0.144,-0.14,-0.148
1941-07-01,-0.147,-0.144,-0.139,-0.148
1941-08-01,-0.173,-0.143,-0.139,-0.147
1941-09-01,-0.194,-0.143,-0.139,-0.147
1941-10-01,-0.212,-0.143,-0.139,-0.147
1941-11-01,-0.196,-0.143,-0.138,-0.147
1941-12-01,-0.159,-0.142,-0.138,-0.146
1942-01-01,-0.141,-0.142,-0.138,-0.146
1942-02-01,-0.195,-0.142,-0.138,-0.146
1942-03-01,-0.08,-0.142,-0.137,-0.146
1942-04-01,-0.136,-0.141,-0.137,-0.145
1942-05-01,-0.147,-0.141,-0.137,-0.145
1942-06-01,-0.1,-0.141,-0.137,-0.145
1942-07-01,-0.116,-0.141,-0.136,-0.145
1942-08-01,-0.13,-0.14,-0.136,-0.144
1942-09-01,-0.09,-0.14,-0.136,-0.144
1942-10-01,-0.1,-0.14,-0.136,-0.144
1942-11-01,-0.144,-0.14,-0.135,-0.144
1942-12-01,-0.187,-0.139,-0.135,-0.143
1943-01-01,-0.131,-0.139,-0.135,-0.143
1943-02-01,-0.18,-0.139,-0.135,-0.143
1943-03-01,-0.162,-0.139,-0.135,-0.143
1943-04-01,-0.206,-0.138,-0.134,-0.143
1943-05-01,-0.168,-0.138,-0.134,-0.142
1943-06-01,-0.142,-0.138,-0.134,-0.142
1943-07-01,-0.134,-0.138,-0.134,-0.142
1943-08-01,-0.115,-0.137,-0.133,-0.142
1943-09-01,-0.115,-0.137,-0.133,-0.141
1943-10-01,-0.081,-0.137,-0.133,-0.141
1943-11-01,-0.138,-0.137,-0.133,-0.141
1943-12-01,-0.251,-0.136,-0.132,-0.141
1944-01-01,-0.134,-0.136,-0.132,-0.14
1944-02-01,-0.171,-0.136,-0.132,-0.14
1944-03-01,-0.129,-0.136,-0.132,-0.14
1944-04-01,-0.139,-0.135,-0.131,-0.14
1944-05-01,-0.174,-0.135,-0.131,-0.139
1944-06-01,-0.115,-0.135,-0.131,-0.139
1944-07-01,-0.125,-0.135,-0.131,-0.139
1944-08-01,-0.148,-0.135,-0.13,-0.139
1944-09-01,-0.148,-0.134,-0.13,-0.138
1944-10-01,-0.13,-0.134,-0.13,-0.138
1944-11-01,0.011,-0.134,-0.13,-0.138
1944-12-01,-0.208,-0.134,-0.129,-0.138
1945-01-01,-0.198,-0.133,-0.129,-0.137
1945-02-01,-0.159,-0.133,-0.129,-0.137
1945-03-01,-0.074,-0.133,-0.129,-0.137
1945-04-01,-0.16,-0.133,-0.128,-0.137
1945-05-01,-0.074,-0.132,-0.128,-0.136
1945-06-01,-0.109,-0.132,-0.128,-0.136
1945-07-01,-0.095,-0.132,-0.128,-0.136
1945-08-01,-0.118,-0.132,-0.127,-0.136
1945-09-01,-0.099,-0.131,-0.127,-0.135
1945-10-01,-0.133,-0.131,-0.127,-0.135
1945-11-01,-0.022,-0.131,-0.127,-0.135
1945-12-01,-0.001,-0.131,-0.126,-0.135
1946-01-01,-0.125,-0.13,-0.126,-0.134
1946-02-01,-0.159,-0.13,-0.126,-0.134
1946-03-01,-0.071,-0.13,-0.126,-0.134
1946-04-01,-0.121,-0.13,-0.126,-0.134
1946-05-01,-0.11,-0.129,-0.125,-0.134
1946-06-01,-0.136,-0.129,-0.125,-0.133
1946-07-01,-0.122,-0.129,-0.125,-0.133
1946-08-01,-0.084,-0.129,-0.125,-0.133
1946-09-01,-0.109,-0.128,-0.124,-0.133
1946-10-01,-0.097,-0.128,-0.124,-0.132
1946-11-01,-0.117,-0.128,-0.124,-0.132
1946-12-01,-0.187,-0.128,-0.124,-0.132
1947-01-01,-0.131,-0.127,-0.123,-0.132
1947-02-01,-0.217,-0.127,-0.123,-0.131
1947-03-01,-0.156,-0.127,-0.123,-0.131
1947-04-01,-0.145,-0.127,-0.123,-0.131
1947-05-01,-0.119,-0.126,-0.122,-0.131
1947-06-01,-0.084,-0.126,-0.122,-0.13
1947-07-01,-0.119,-0.126,-0.122,-0.13
1947-08-01,-0.1,-0.126,-0.122,-0.13
1947-09-01,-0.121,-0.125,-0.121,-0.13
1947-10-01,-0.155,-0.125,-0.121,-0.129
1947-11-01,0.002,-0.125,-0.121,-0.129
1947-12-01,-0.229,-0.125,-0.121,-0.129
1948-01-01,-0.141,-0.125,-0.12,-0.129
1948-02-01,-0.083,-0.124,-0.12,-0.128
1948-03-01,-0.065,-0.124,-0.12,-0.128
1948-04-01,-0.16,-0.124,-0.12,-0.128
1948-05-01,-0.083,-0.124,-0.119,-0.128
1948-06-01,-0.072,-0.123,-0.119,-0.127
1948-07-01,-0.101,-0.123,-0.119,-0.127
1948-08-01,-0.133,-0.123,-0.119,-0.127
1948-09-01,-0.127,-0.123,-0.118,-0.127
1948-10-01,-0.036,-0.122,-0.118,-0.126
1948-11-01,-0.08,-0.122,-0.118,-0.126
1948-12-01,-0.034,-0.122,-0.118,-0.126
1949-01-01,-0.04,-0.122,-0.117,-0.126
1949-02-01,-0.055,-0.121,-0.117,-0.125
1949-03-01,-0.177,-0.121,-0.117,-0.125
1949-04-01,-0.139,-0.121,-0.117,-0.125
1949-05-01,-0.119,-0.121,-0.116,-0.125
1949-06-01,-0.161,-0.12,-0.116,-0.125
1949-07-01,-0.125,-0.12,-0.116,-0.124
1949-08-01,-0.115,-0.12,-0.116,-0.124
1949-09-01,-0.154,-0.12,-0.116,-0.124
1949-10-01,-0.087,-0.119,-0.115,-0.124
1949-11-01,-0.105,-0.119,-0.115,-0.123
1949-12-01,-0.226,-0.119,-0.115,-0.123
1950-01-01,-0.168,-0.119,-0.115,-0.123
1950-02-01,-0.113,-0.118,-0.114,-0.123
1950-03-01,-0.29,-0.118,-0.114,-0.122
1950-04-01,-0.185,-0.118,-0.114,-0.122
1950-05-01,-0.199,-0.118,-0.114,-0.122
1950-06-01,-0.216,-0.117,-0.113,-0.122
1950-07-01,-0.192,-0.117,-0.113,-0.121
1950-08-01,-0.157,-0.117,-0.113,-0.121
1950-09-01,-0.118,-0.117,-0.113,-0.121
1950-10-01,-0.127,-0.116,-0.112,-0.121
1950-11-01,-0.047,-0.116,-0.112,-0.12
1950-12-01,-0.041,-0.116,-0.112,-0.12
1951-01-01,-0.122,-0.116,-0.112,-0.12
1951-02-01,-0.11,-0.116,-0.111,-0.12
1951-03-01,0.021,-0.115,-0.111,-0.119
1951-04-01,-0.112,-0.115,-0.111,-0.119
1951-05-01,-0.071,-0.115,-0.111,-0.119
1951-06-01,-0.045,-0.115,-0.11,-0.119
1951-07-01,-0.134,-0.114,-0.11,-0.118
1951-08-01,-0.103,-0.114,-0.11,-0.118
1951-09-01,-0.13,-0.114,-0.11,-0.118
1951-10-01,-0.075,-0.114,-0.109,-0.118
1951-11-01,-0.117,-0.113,-0.109,-0.117
1951-12-01,-0.153,-0.113,-0.109,-0.117
1952-01-01,-0.07,-0.113,-0.109,-0.117
1952-02-01,-0.074,-0.113,-0.108,-0.117
1952-03-01,-0.062,-0.112,-0.108,-0.117
1952-04-01,-0.099,-0.112,-0.108,-0.116
1952-05-01,-0.074,-0.112,-0.108,-0.116
1952-06-01,-0.115,-0.112,-0.107,-0.116
1952-07-01,-0.153,-0.111,-0.107,-0.116
1952-08-01,-0.145,-0.111,-0.107,-0.115
1952-09-01,-0.109,-0.111,-0.107,-0.115
1952-10-01,-0.197,-0.111,-0.106,-0.115
1952-11-01,-0.083,-0.11,-0.106,-0.115
1952-12-01,0.011,-0.11,-0.106,-0.114
1953-01-01,0.027,-0.11,-0.106,-0.114
1953-02-01,-0.153,-0.11,-0.105,-0.114
1953-03-01,-0.062,-0.109,-0.105,-0.114
1953-04-01,-0.099,-0.109,-0.105,-0.113
1953-05-01,-0.046,-0.109,-0.105,-0.113
1953-06-01,-0.142,-0.109,-0.105,-0.113
1953-07-01,-0.122,-0.108,-0.104,-0.113
1953-08-01,-0.115,-0.108,-0.104,-0.112
1953-09-01,-0.121,-0.108,-0.104,-0.112
1953-10-01,-0.087,-0.108,-0.104,-0.112
1953-11-01,-0.056,-0.107,-0.103,-0.112
1953-12-01,-0.181,-0.107,-0.103,-0.111
1954-01-01,-0.095,-0.107,-0.103,-0.111
1954-02-01,-0.07,-0.107,-0.103,-0.111
1954-03-01,-0.174,-0.107,-0.102,-0.111
1954-04-01,-0.16,-0.106,-0.102,-0.11
1954-05-01,-0.052,-0.106,-0.102,-0.11
1954-06-01,-0.088,-0.106,-0.102,-0.11
1954-07-01,-0.11,-0.106,-0.101,-0.11
1954-08-01,-0.148,-0.105,-0.101,-0.109
1954-09-01,-0.13,-0.105,-0.101,-0.109
1954-10-01,-0.115,-0.105,-0.101,-0.109
1954-11-01,-0.126,-0.105,-0.1,-0.109
1954-12-01,-0.153,-0.104,-0.1,-0.109
1955-01-01,-0.104,-0.104,-0.1,-0.108
1955-02-01,-0.119,-0.104,-0.1,-0.108
1955-03-01,-0.159,-0.104,-0.099,-0.108
1955-04-01,-0.023,-0.103,-0.099,-0.108
1955-05-01,-0.125,-0.103,-0.099,-0.107
1955-06-01,-0.078,-0.103,-0.099,-0.107
1955-07-01,-0.098,-0.103,-0.098,-0.107
1955-08-01,-0.042,-0.102,-0.098,-0.107
1955-09-01,-0.115,-0.102,-0.098,-0.106
1955-10-01,-0.014,-0.102,-0.098,-0.106
1955-11-01,-0.086,-0.102,-0.097,-0.106
1955-12-01,-0.19,-0.101,-0.097,-0.106
1956-01-01,-0.003,-0.101,-0.097,-0.105
1956-02-01,-0.113,-0.101,-0.097,-0.105
1956-03-01,-0.053,-0.101,-0.096,-0.105
1956-04-01,-0.063,-0.1,-0.096,-0.105
1956-05-01,-0.156,-0.1,-0.096,-0.104
1956-06-01,-0.115,-0.1,-0.096,-0.104
1956-07-01,-0.089,-0.1,-0.095,-0.104
1956-08-01,-0.051,-0.099,-0.095,-0.104
1956-09-01,-0.057,-0.099,-0.095,-0.103
1956-10-01,-0.045,-0.099,-0.095,-0.103
1956-11-01,-0.077,-0.099,-0.094,-0.103
1956-12-01,-0.077,-0.098,-0.094,-0.103
1957-01-01,-0.189,-0.098,-0.094,-0.102
1957-02-01,-0.074,-0.098,-0.094,-0.102
1957-03-01,-0.031,-0.098,-0.093,-0.102
1957-04-01,-0.197,-0.097,-0.093,-0.102
1957-05-01,-0.132,-0.097,-0.093,-0.101
1957-06-01,-0.133,-0.097,-0.093,-0.101
1957-07-01,-0.134,-0.097,-0.093,-0.101
1957-08-01,-0.136,-0.097,-0.092,-0.101
1957-09-01,-0.151,-0.096,-0.092,-0.101
1957-10-01,-0.081,-0.096,-0.092,-0.1
1957-11-01,-0.123,-0.096,-0.092,-0.1
1957-12-01,-0.117,-0.096,-0.091,-0.1
1958-01-01,0,-0.095,-0.091,-0.1
1958-02-01,-0.077,-0.095,-0.091,-0.099
1958-03-01,0.1,-0.095,-0.091,-0.099
1958-04-01,0.016,-0.095,-0.09,-0.099
1958-05-01,-0.107,-0.094,-0.09,-0.099
1958-06-01,-0.097,-0.094,-0.09,-0.098
1958-07-01,-0.064,-0.094,-0.09,-0.098
1958-08-01,-0.078,-0.094,-0.089,-0.098
1958-09-01,-0.063,-0.093,-0.089,-0.098
1958-10-01,-0.011,-0.093,-0.089,-0.097
1958-11-01,-0.129,-0.093,-0.089,-0.097
1958-12-01,-0.153,-0.093,-0.088,-0.097
1959-01-01,-0.159,-0.092,-0.088,-0.097
1959-02-01,-0.183,-0.092,-0.088,-0.096
1959-03-01,-0.132,-0.092,-0.088,-0.096
1959-04-01,-0.066,-0.092,-0.087,-0.096
1959-05-01,-0.211,-0.091,-0.087,-0.096
1959-06-01,-0.121,-0.091,-0.087,-0.095
1959-07-01,-0.144,-0.091,-0.087,-0.095
1959-08-01,-0.118,-0.091,-0.086,-0.095
1959-09-01,-0.118,-0.09,-0.086,-0.095
1959-10-01,-0.063,-0.09,-0.086,-0.094
1959-11-01,-0.114,-0.09,-0.086,-0.094
1959-12-01,-0.019,-0.09,-0.085,-0.094
1960-01-01,0.018,-0.089,-0.085,-0.094
1960-02-01,-0.064,-0.089,-0.085,-0.094
1960-03-01,-0.071,-0.089,-0.085,-0.093
1960-04-01,-0.09,-0.089,-0.084,-0.093
1960-05-01,-0.067,-0.088,-0.084,-0.093
1960-06-01,-0.036,-0.088,-0.084,-0.093
1960-07-01,-0.073,-0.088,-0.084,-0.092
1960-08-01,-0.045,-0.088,-0.083,-0.092
1960-09-01,-0.014,-0.088,-0.083,-0.092
1960-10-01,-0.057,-0.087,-0.083,-0.092
1960-11-01,-0.099,-0.087,-0.083,-0.091
1960-12-01,-0.147,-0.087,-0.082,-0.091
1961-01-01,-0.119,-0.087,-0.082,-0.091
1961-02-01,0.009,-0.086,-0.082,-0.091
1961-03-01,0.012,-0.086,-0.082,-0.09
1961-04-01,-0.023,-0.086,-0.081,-0.09
1961-05-01,-0.083,-0.086,-0.081,-0.09
1961-06-01,-0.127,-0.085,-0.081,-0.09
1961-07-01,-0.07,-0.085,-0.081,-0.089
1961-08-01,-0.185,-0.085,-0.08,-0.089
1961-09-01,-0.099,-0.085,-0.08,-0.089
1961-10-01,-0.118,-0.084,-0.08,-0.089
1961-11-01,-0.159,-0.084,-0.08,-0.088
1961-12-01,-0.101,-0.084,-0.079,-0.088
1962-01-01,-0.183,-0.084,-0.079,-0.088
1962-02-01,0.009,-0.083,-0.079,-0.088
1962-03-01,0.13,-0.083,-0.079,-0.087
1962-04-01,-0.109,-0.083,-0.079,-0.087
1962-05-01,-0.049,-0.083,-0.078,-0.087
1962-06-01,-0.045,-0.082,-0.078,-0.087
1962-07-01,-0.034,-0.082,-0.078,-0.087
1962-08-01,-0.069,-0.082,-0.078,-0.086
1962-09-01,-0.09,-0.082,-0.077,-0.086
1962-10-01,-0.081,-0.081,-0.077,-0.086
1962-11-01,-0.019,-0.081,-0.077,-0.086
1962-12-01,-0.089,-0.081,-0.077,-0.085
1963-01-01,0,-0.081,-0.076,-0.085
1963-02-01,-0.223,-0.08,-0.076,-0.085
1963-03-01,-0.092,-0.08,-0.076,-0.085
1963-04-01,-0.127,-0.08,-0.076,-0.084
1963-05-01,-0.174,-0.08,-0.075,-0.084
1963-06-01,-0.115,-0.079,-0.075,-0.084
1963-07-01,-0.089,-0.079,-0.075,-0.084
1963-08-01,-0.124,-0.079,-0.075,-0.083
1963-09-01,-0.136,-0.079,-0.074,-0.083
1963-10-01,-0.148,-0.078,-0.074,-0.083
1963-11-01,-0.056,-0.078,-0.074,-0.083
1963-12-01,-0.175,-0.078,-0.074,-0.082
1964-01-01,-0.104,-0.078,-0.073,-0.082
1964-02-01,-0.116,-0.078,-0.073,-0.082
1964-03-01,-0.065,-0.077,-0.073,-0.082
1964-04-01,-0.154,-0.077,-0.073,-0.081
1964-05-01,-0.11,-0.077,-0.072,-0.081
1964-06-01,-0.149,-0.077,-0.072,-0.081
1964-07-01,-0.067,-0.076,-0.072,-0.081
1964-08-01,-0.081,-0.076,-0.072,-0.081
1964-09-01,-0.045,-0.076,-0.071,-0.08
1964-10-01,-0.054,-0.076,-0.071,-0.08
1964-11-01,0.005,-0.075,-0.071,-0.08
1964-12-01,-0.089,-0.075,-0.071,-0.08
1965-01-01,-0.022,-0.075,-0.07,-0.079
1965-02-01,-0.074,-0.075,-0.07,-0.079
1965-03-01,-0.095,-0.074,-0.07,-0.079
1965-04-01,-0.072,-0.074,-0.07,-0.079
1965-05-01,-0.11,-0.074,-0.069,-0.078
1965-06-01,-0.078,-0.074,-0.069,-0.078
1965-07-01,-0.064,-0.073,-0.069,-0.078
1965-08-01,-0.136,-0.073,-0.069,-0.078
1965-09-01,-0.093,-0.073,-0.068,-0.077
1965-10-01,-0.112,-0.073,-0.068,-0.077
1965-11-01,-0.077,-0.072,-0.068,-0.077
1965-12-01,-0.022,-0.072,-0.068,-0.077
1966-01-01,-0.137,-0.072,-0.067,-0.076
1966-02-01,-0.101,-0.072,-0.067,-0.076
1966-03-01,-0.089,-0.071,-0.067,-0.076
1966-04-01,-0.09,-0.071,-0.067,-0.076
1966-05-01,-0.135,-0.071,-0.066,-0.075
1966-06-01,-0.115,-0.071,-0.066,-0.075
1966-07-01,-0.079,-0.07,-0.066,-0.075
1966-08-01,-0.084,-0.07,-0.066,-0.075
1966-09-01,-0.017,-0.07,-0.065,-0.074
1966-10-01,-0.148,-0.07,-0.065,-0.074
1966-11-01,-0.004,-0.069,-0.065,-0.074
1966-12-01,-0.047,-0.069,-0.065,-0.074
1967-01-01,0.006,-0.069,-0.064,-0.074
1967-02-01,-0.043,-0.069,-0.064,-0.073
1967-03-01,0.005,-0.069,-0.064,-0.073
1967-04-01,0.01,-0.068,-0.064,-0.073
1967-05-01,-0.013,-0.068,-0.063,-0.073
1967-06-01,-0.036,-0.068,-0.063,-0.072
1967-07-01,-0.019,-0.068,-0.063,-0.072
1967-08-01,-0.057,-0.067,-0.063,-0.072
1967-09-01,-0.075,-0.067,-0.063,-0.072
1967-10-01,-0.139,-0.067,-0.062,-0.071
1967-11-01,-0.138,-0.067,-0.062,-0.071
1967-12-01,0.008,-0.066,-0.062,-0.071
1968-01-01,-0.095,-0.066,-0.062,-0.071
1968-02-01,-0.092,-0.066,-0.061,-0.07
1968-03-01,-0.083,-0.066,-0.061,-0.07
1968-04-01,-0.093,-0.065,-0.061,-0.07
1968-05-01,-0.046,-0.065,-0.061,-0.07
1968-06-01,-0.024,-0.065,-0.06,-0.069
1968-07-01,-0.079,-0.065,-0.06,-0.069
1968-08-01,-0.093,-0.064,-0.06,-0.069
1968-09-01,-0.075,-0.064,-0.06,-0.069
1968-10-01,-0.136,-0.064,-0.059,-0.068
1968-11-01,-0.031,-0.064,-0.059,-0.068
1968-12-01,-0.205,-0.063,-0.059,-0.068
1969-01-01,-0.128,-0.063,-0.059,-0.068
1969-02-01,0.006,-0.063,-0.058,-0.068
1969-03-01,-0.053,-0.063,-0.058,-0.067
1969-04-01,-0.102,-0.062,-0.058,-0.067
1969-05-01,-0.107,-0.062,-0.058,-0.067
1969-06-01,-0.042,-0.062,-0.057,-0.067
1969-07-01,-0.015,-0.062,-0.057,-0.066
1969-08-01,-0.06,-0.061,-0.057,-0.066
1969-09-01,-0.045,-0.061,-0.057,-0.066
1969-10-01,-0.045,-0.061,-0.056,-0.066
1969-11-01,0.039,-0.061,-0.056,-0.065
1969-12-01,0.036,-0.06,-0.056,-0.065
1970-01-01,-0.061,-0.06,-0.056,-0.065
1970-02-01,-0.046,-0.06,-0.055,-0.065
1970-03-01,-0.08,-0.06,-0.055,-0.064
1970-04-01,-0.048,-0.06,-0.055,-0.064
1970-05-01,-0.113,-0.059,-0.055,-0.064
1970-06-01,-0.075,-0.059,-0.054,-0.064
1970-07-01,-0.083,-0.059,-0.054,-0.063
1970-08-01,-0.048,-0.059,-0.054,-0.063
1970-09-01,-0.084,-0.058,-0.054,-0.063
1970-10-01,-0.036,-0.058,-0.053,-0.063
1970-11-01,0.066,-0.058,-0.053,-0.062
1970-12-01,0.017,-0.058,-0.053,-0.062
1971-01-01,-0.08,-0.057,-0.053,-0.062
1971-02-01,-0.043,-0.057,-0.052,-0.062
1971-03-01,-0.086,-0.057,-0.052,-0.062
1971-04-01,-0.069,-0.057,-0.052,-0.061
1971-05-01,-0.037,-0.056,-0.052,-0.061
1971-06-01,-0.039,-0.056,-0.051,-0.061
1971-07-01,-0.083,-0.056,-0.051,-0.061
1971-08-01,-0.103,-0.056,-0.051,-0.06
1971-09-01,-0.035,-0.055,-0.051,-0.06
1971-10-01,0.05,-0.055,-0.05,-0.06
1971-11-01,0.023,-0.055,-0.05,-0.06
1971-12-01,-0.074,-0.055,-0.05,-0.059
1972-01-01,-0.089,-0.054,-0.05,-0.059
1972-02-01,-0.061,-0.054,-0.049,-0.059
1972-03-01,-0.022,-0.054,-0.049,-0.059
1972-04-01,-0.038,-0.054,-0.049,-0.058
1972-05-01,0.006,-0.053,-0.049,-0.058
1972-06-01,-0.005,-0.053,-0.048,-0.058
1972-07-01,-0.04,-0.053,-0.048,-0.058
1972-08-01,-0.054,-0.053,-0.048,-0.057
1972-09-01,-0.008,-0.052,-0.048,-0.057
1972-10-01,-0.063,-0.052,-0.047,-0.057
1972-11-01,0.103,-0.052,-0.047,-0.057
1972-12-01,0.051,-0.052,-0.047,-0.056
1973-01-01,0,-0.051,-0.047,-0.056
1973-02-01,0.058,-0.051,-0.046,-0.056
1973-03-01,0.088,-0.051,-0.046,-0.056
1973-04-01,0.004,-0.051,-0.046,-0.056
1973-05-01,-0.007,-0.05,-0.046,-0.055
1973-06-01,-0.051,-0.05,-0.045,-0.055
1973-07-01,-0.028,-0.05,-0.045,-0.055
1973-08-01,-0.051,-0.05,-0.045,-0.055
1973-09-01,-0.063,-0.05,-0.045,-0.054
1973-10-01,-0.066,-0.049,-0.044,-0.054
1973-11-01,-0.15,-0.049,-0.044,-0.054
1973-12-01,-0.037,-0.049,-0.044,-0.054
1974-01-01,0.012,-0.049,-0.044,-0.053
1974-02-01,-0.028,-0.048,-0.043,-0.053
1974-03-01,-0.077,-0.048,-0.043,-0.053
1974-04-01,-0.112,-0.048,-0.043,-0.053
1974-05-01,-0.055,-0.048,-0.043,-0.052
1974-06-01,-0.011,-0.047,-0.043,-0.052
1974-07-01,-0.04,-0.047,-0.042,-0.052
1974-08-01,-0.09,-0.047,-0.042,-0.052
1974-09-01,-0.054,-0.047,-0.042,-0.051
1974-10-01,-0.161,-0.046,-0.042,-0.051
1974-11-01,-0.074,-0.046,-0.041,-0.051
1974-12-01,0.002,-0.046,-0.041,-0.051
1975-01-01,-0.07,-0.046,-0.041,-0.05
1975-02-01,-0.04,-0.045,-0.041,-0.05
1975-03-01,-0.071,-0.045,-0.04,-0.05
1975-04-01,-0.121,-0.045,-0.04,-0.05
1975-05-01,-0.052,-0.045,-0.04,-0.05
1975-06-01,-0.057,-0.044,-0.04,-0.049
1975-07-01,-0.061,-0.044,-0.039,-0.049
1975-08-01,-0.063,-0.044,-0.039,-0.049
1975-09-01,-0.072,-0.044,-0.039,-0.049
1975-10-01,0.019,-0.043,-0.039,-0.048
1975-11-01,-0.007,-0.043,-0.038,-0.048
1975-12-01,0.024,-0.043,-0.038,-0.048
1976-01-01,-0.064,-0.043,-0.038,-0.048
1976-02-01,-0.11,-0.042,-0.038,-0.047
1976-03-01,-0.049,-0.042,-0.037,-0.047
1976-04-01,-0.102,-0.042,-0.037,-0.047
1976-05-01,-0.132,-0.042,-0.037,-0.047
1976-06-01,-0.094,-0.041,-0.037,-0.046
1976-07-01,-0.037,-0.041,-0.036,-0.046
1976-08-01,-0.066,-0.041,-0.036,-0.046
1976-09-01,-0.087,-0.041,-0.036,-0.046
1976-10-01,-0.081,-0.041,-0.036,-0.045
1976-11-01,-0.208,-0.04,-0.035,-0.045
1976-12-01,-0.236,-0.04,-0.035,-0.045
1977-01-01,-0.214,-0.04,-0.035,-0.045
1977-02-01,-0.186,-0.04,-0.035,-0.044
1977-03-01,-0.138,-0.039,-0.034,-0.044
1977-04-01,-0.188,-0.039,-0.034,-0.044
1977-05-01,-0.119,-0.039,-0.034,-0.044
1977-06-01,-0.069,-0.039,-0.034,-0.044
1977-07-01,-0.079,-0.038,-0.033,-0.043
1977-08-01,-0.072,-0.038,-0.033,-0.043
1977-09-01,0.023,-0.038,-0.033,-0.043
1977-10-01,0.001,-0.038,-0.033,-0.043
1977-11-01,0.045,-0.037,-0.032,-0.042
1977-12-01,0.054,-0.037,-0.032,-0.042
1978-01-01,-0.034,-0.037,-0.032,-0.042
1978-02-01,0.143,-0.037,-0.032,-0.042
1978-03-01,-0.016,-0.036,-0.031,-0.041
1978-04-01,-0.002,-0.036,-0.031,-0.041
1978-05-01,0.006,-0.036,-0.031,-0.041
1978-06-01,-0.063,-0.036,-0.031,-0.041
1978-07-01,-0.019,-0.035,-0.03,-0.04
1978-08-01,-0.017,-0.035,-0.03,-0.04
1978-09-01,0.013,-0.035,-0.03,-0.04
1978-10-01,-0.045,-0.035,-0.03,-0.04
1978-11-01,0.033,-0.034,-0.029,-0.039
1978-12-01,-0.092,-0.034,-0.029,-0.039
1979-01-01,0.027,-0.034,-0.029,-0.039
1979-02-01,-0.046,-0.034,-0.029,-0.039
1979-03-01,-0.049,-0.033,-0.028,-0.039
1979-04-01,-0.032,-0.033,-0.028,-0.038
1979-05-01,-0.052,-0.033,-0.028,-0.038
1979-06-01,-0.072,-0.033,-0.028,-0.038
1979-07-01,-0.061,-0.032,-0.027,-0.038
1979-08-01,-0.042,-0.032,-0.027,-0.037
1979-09-01,-0.066,-0.032,-0.027,-0.037
1979-10-01,-0.094,-0.032,-0.027,-0.037
1979-11-01,-0.089,-0.032,-0.026,-0.037
1979-12-01,-0.114,-0.031,-0.026,-0.036
1980-01-01,-0.058,-0.031,-0.026,-0.036
1980-02-01,-0.052,-0.031,-0.026,-0.036
1980-03-01,-0.08,-0.031,-0.025,-0.036
1980-04-01,-0.011,-0.03,-0.025,-0.035
1980-05-01,-0.034,-0.03,-0.025,-0.035
1980-06-01,-0.1,-0.03,-0.025,-0.035
1980-07-01,-0.086,-0.03,-0.024,-0.035
1980-08-01,-0.066,-0.029,-0.024,-0.034
1980-09-01,-0.096,-0.029,-0.024,-0.034
1980-10-01,-0.115,-0.029,-0.024,-0.034
1980-11-01,-0.129,-0.029,-0.023,-0.034
1980-12-01,-0.181,-0.028,-0.023,-0.033
1981-01-01,-0.177,-0.028,-0.023,-0.033
1981-02-01,-0.098,-0.028,-0.023,-0.033
1981-03-01,-0.053,-0.028,-0.022,-0.033
1981-04-01,-0.182,-0.027,-0.022,-0.033
1981-05-01,-0.043,-0.027,-0.022,-0.032
1981-06-01,-0.066,-0.027,-0.022,-0.032
1981-07-01,-0.061,-0.027,-0.021,-0.032
1981-08-01,-0.054,-0.026,-0.021,-0.032
1981-09-01,-0.038,-0.026,-0.021,-0.031
1981-10-01,-0.112,-0.026,-0.021,-0.031
1981-11-01,-0.025,-0.026,-0.02,-0.031
1981-12-01,-0.028,-0.025,-0.02,-0.031
1982-01-01,-0.122,-0.025,-0.02,-0.03
1982-02-01,-0.058,-0.025,-0.02,-0.03
1982-03-01,-0.083,-0.025,-0.019,-0.03
1982-04-01,-0.2,-0.024,-0.019,-0.03
1982-05-01,-0.055,-0.024,-0.019,-0.029
1982-06-01,0.04,-0.024,-0.019,-0.029
1982-07-01,-0.07,-0.024,-0.018,-0.029
1982-08-01,-0.084,-0.023,-0.018,-0.029
1982-09-01,-0.06,-0.023,-0.018,-0.028
1982-10-01,0.016,-0.023,-0.018,-0.028
1982-11-01,-0.108,-0.023,-0.018,-0.028
1982-12-01,-0.01,-0.022,-0.017,-0.028
1983-01-01,-0.006,-0.022,-0.017,-0.028
1983-02-01,0.1,-0.022,-0.017,-0.027
1983-03-01,0.109,-0.022,-0.017,-0.027
1983-04-01,0.09,-0.022,-0.016,-0.027
1983-05-01,-0.022,-0.021,-0.016,-0.027
1983-06-01,-0.03,-0.021,-0.016,-0.026
1983-07-01,-0.025,-0.021,-0.016,-0.026
1983-08-01,-0.002,-0.021,-0.015,-0.026
1983-09-01,-0.02,-0.02,-0.015,-0.026
1983-10-01,0.028,-0.02,-0.015,-0.025
1983-11-01,0.045,-0.02,-0.015,-0.025
1983-12-01,0.011,-0.02,-0.014,-0.025
1984-01-01,0.003,-0.019,-0.014,-0.025
1984-02-01,0.012,-0.019,-0.014,-0.024
1984-03-01,0.048,-0.019,-0.014,-0.024
1984-04-01,0.12,-0.019,-0.013,-0.024
1984-05-01,-0.049,-0.018,-0.013,-0.024
1984-06-01,-0.011,-0.018,-0.013,-0.023
1984-07-01,-0.037,-0.018,-0.013,-0.023
1984-08-01,0.008,-0.018,-0.012,-0.023
1984-09-01,-0.048,-0.017,-0.012,-0.023
1984-10-01,0.022,-0.017,-0.012,-0.022
1984-11-01,-0.016,-0.017,-0.012,-0.022
1984-12-01,-0.05,-0.017,-0.011,-0.022
1985-01-01,-0.089,-0.016,-0.011,-0.022
1985-02-01,-0.067,-0.016,-0.011,-0.022
1985-03-01,-0.092,-0.016,-0.011,-0.021
1985-04-01,-0.096,-0.016,-0.01,-0.021
1985-05-01,-0.04,-0.015,-0.01,-0.021
1985-06-01,-0.075,-0.015,-0.01,-0.021
1985-07-01,-0.052,-0.015,-0.01,-0.02
1985-08-01,-0.042,-0.015,-0.009,-0.02
1985-09-01,-0.041,-0.014,-0.009,-0.02
1985-10-01,-0.063,-0.014,-0.009,-0.02
1985-11-01,0.097,-0.014,-0.009,-0.019
1985-12-01,-0.019,-0.014,-0.008,-0.019
1986-01-01,-0.107,-0.013,-0.008,-0.019
1986-02-01,0.048,-0.013,-0.008,-0.019
1986-03-01,-0.086,-0.013,-0.008,-0.018
1986-04-01,0.059,-0.013,-0.007,-0.018
1986-05-01,-0.007,-0.013,-0.007,-0.018
1986-06-01,-0.072,-0.012,-0.007,-0.018
1986-07-01,-0.003,-0.012,-0.007,-0.017
1986-08-01,-0.045,-0.012,-0.006,-0.017
1986-09-01,-0.084,-0.012,-0.006,-0.017
1986-10-01,-0.02,-0.011,-0.006,-0.017
1986-11-01,-0.031,-0.011,-0.006,-0.017
1986-12-01,0.017,-0.011,-0.005,-0.016
1987-01-01,0.03,-0.011,-0.005,-0.016
1987-02-01,-0.058,-0.01,-0.005,-0.016
1987-03-01,0.091,-0.01,-0.005,-0.016
1987-04-01,0.08,-0.01,-0.004,-0.015
1987-05-01,-0.049,-0.01,-0.004,-0.015
1987-06-01,-0.033,-0.009,-0.004,-0.015
1987-07-01,0,-0.009,-0.004,-0.015
1987-08-01,-0.008,-0.009,-0.003,-0.014
1987-09-01,-0.014,-0.009,-0.003,-0.014
1987-10-01,-0.072,-0.008,-0.003,-0.014
1987-11-01,-0.047,-0.008,-0.003,-0.014
1987-12-01,0.036,-0.008,-0.002,-0.013
1988-01-01,-0.086,-0.008,-0.002,-0.013
1988-02-01,-0.013,-0.007,-0.002,-0.013
1988-03-01,-0.095,-0.007,-0.002,-0.013
1988-04-01,0.053,-0.007,-0.001,-0.012
1988-05-01,-0.028,-0.007,-0.001,-0.012
1988-06-01,-0.042,-0.006,-0.001,-0.012
1988-07-01,-0.083,-0.006,-0.001,-0.012
1988-08-01,-0.066,-0.006,0,-0.012
1988-09-01,-0.096,-0.006,0,-0.011
1988-10-01,-0.072,-0.005,0,-0.011
1988-11-01,-0.089,-0.005,0,-0.011
1988-12-01,-0.08,-0.005,0.001,-0.011
1989-01-01,-0.052,-0.005,0.001,-0.01
1989-02-01,-0.052,-0.004,0.001,-0.01
1989-03-01,-0.049,-0.004,0.001,-0.01
1989-04-01,-0.115,-0.004,0.002,-0.01
1989-05-01,-0.025,-0.004,0.002,-0.009
1989-06-01,-0.017,-0.004,0.002,-0.009
1989-07-01,-0.034,-0.003,0.002,-0.009
1989-08-01,-0.017,-0.003,0.003,-0.009
1989-09-01,-0.038,-0.003,0.003,-0.008
1989-10-01,-0.048,-0.003,0.003,-0.008
1989-11-01,-0.086,-0.002,0.003,-0.008
1989-12-01,-0.141,-0.002,0.004,-0.008
1990-01-01,-0.083,-0.002,0.004,-0.007
1990-02-01,-0.037,-0.002,0.004,-0.007
1990-03-01,-0.095,-0.001,0.004,-0.007
1990-04-01,-0.105,-0.001,0.005,-0.007
1990-05-01,0,-0.001,0.005,-0.006
1990-06-01,-0.051,-0.001,0.005,-0.006
1990-07-01,-0.025,0,0.005,-0.006
1990-08-01,0.02,0,0.006,-0.006
1990-09-01,-0.026,0,0.006,-0.006
1990-10-01,-0.048,0,0.006,-0.005
1990-11-01,-0.056,0.001,0.006,-0.005
1990-12-01,-0.044,0.001,0.007,-0.005
1991-01-01,0.024,0.001,0.007,-0.005
1991-02-01,-0.022,0.001,0.007,-0.004
1991-03-01,0.097,0.002,0.007,-0.004
1991-04-01,-0.035,0.002,0.008,-0.004
1991-05-01,-0.052,0.002,0.008,-0.004
1991-06-01,-0.008,0.002,0.008,-0.003
1991-07-01,-0.003,0.003,0.008,-0.003
1991-08-01,-0.06,0.003,0.009,-0.003
1991-09-01,-0.069,0.003,0.009,-0.003
1991-10-01,0.007,0.003,0.009,-0.002
1991-11-01,-0.001,0.004,0.009,-0.002
1991-12-01,-0.034,0.004,0.01,-0.002
1992-01-01,0.017,0.004,0.01,-0.002
1992-02-01,0.054,0.004,0.01,-0.001
1992-03-01,-0.002,0.005,0.01,-0.001
1992-04-01,-0.004,0.005,0.011,-0.001
1992-05-01,0.008,0.005,0.011,-0.001
1992-06-01,0.013,0.005,0.011,-0.001
1992-07-01,0.03,0.006,0.011,0
1992-08-01,-0.023,0.006,0.012,0
1992-09-01,-0.041,0.006,0.012,0
1992-10-01,-0.045,0.006,0.012,0
1992-11-01,0.005,0.006,0.012,0.001
1992-12-01,0.06,0.007,0.013,0.001
1993-01-01,0.024,0.007,0.013,0.001
1993-02-01,0.07,0.007,0.013,0.001
1993-03-01,-0.004,0.007,0.013,0.002
1993-04-01,0.117,0.008,0.014,0.002
1993-05-01,0.021,0.008,0.014,0.002
1993-06-01,-0.039,0.008,0.014,0.002
1993-07-01,0.015,0.008,0.014,0.003
1993-08-01,0.011,0.009,0.015,0.003
1993-09-01,-0.014,0.009,0.015,0.003
1993-10-01,-0.03,0.009,0.015,0.003
1993-11-01,-0.05,0.009,0.015,0.004
1993-12-01,0.075,0.01,0.016,0.004
1994-01-01,-0.099,0.01,0.016,0.004
1994-02-01,-0.025,0.01,0.016,0.004
1994-03-01,0.011,0.01,0.016,0.004
1994-04-01,-0.078,0.011,0.017,0.005
1994-05-01,0.008,0.011,0.017,0.005
1994-06-01,-0.063,0.011,0.017,0.005
1994-07-01,-0.031,0.011,0.017,0.005
1994-08-01,-0.051,0.012,0.018,0.006
1994-09-01,-0.02,0.012,0.018,0.006
1994-10-01,-0.02,0.012,0.018,0.006
1994-11-01,-0.101,0.012,0.018,0.006
1994-12-01,0.033,0.013,0.019,0.007
1995-01-01,-0.012,0.013,0.019,0.007
1995-02-01,-0.087,0.013,0.019,0.007
1995-03-01,0.01,0.013,0.019,0.007
1995-04-01,-0.08,0.014,0.02,0.008
1995-05-01,0.017,0.014,0.02,0.008
1995-06-01,-0.054,0.014,0.02,0.008
1995-07-01,-0.025,0.014,0.02,0.008
1995-08-01,0.046,0.015,0.021,0.009
1995-09-01,0.021,0.015,0.021,0.009
1995-10-01,-0.012,0.015,0.021,0.009
1995-11-01,0.052,0.015,0.021,0.009
1995-12-01,0.004,0.015,0.021,0.009
1996-01-01,0.132,0.016,0.022,0.01
1996-02-01,0.028,0.016,0.022,0.01
1996-03-01,-0.011,0.016,0.022,0.01
1996-04-01,0.055,0.016,0.022,0.01
1996-05-01,0.01,0.017,0.023,0.011
1996-06-01,0.019,0.017,0.023,0.011
1996-07-01,0.024,0.017,0.023,0.011
1996-08-01,0.024,0.017,0.023,0.011
1996-09-01,0.147,0.018,0.024,0.012
1996-10-01,0.106,0.018,0.024,0.012
1996-11-01,0.081,0.018,0.024,0.012
1996-12-01,0.205,0.018,0.024,0.012
1997-01-01,0.049,0.019,0.025,0.013
1997-02-01,0.066,0.019,0.025,0.013
1997-03-01,0.056,0.019,0.025,0.013
1997-04-01,0.124,0.019,0.025,0.013
1997-05-01,-0.01,0.02,0.026,0.014
1997-06-01,0.072,0.02,0.026,0.014
1997-07-01,0.016,0.02,0.026,0.014
1997-08-01,0.031,0.02,0.026,0.014
1997-09-01,0.011,0.021,0.027,0.014
1997-10-01,0.023,0.021,0.027,0.015
1997-11-01,0.087,0.021,0.027,0.015
1997-12-01,0.023,0.021,0.027,0.015
1998-01-01,0.176,0.022,0.028,0.015
1998-02-01,0.269,0.022,0.028,0.016
1998-03-01,0.077,0.022,0.028,0.016
1998-04-01,0.091,0.022,0.028,0.016
1998-05-01,0.128,0.023,0.029,0.016
1998-06-01,0.049,0.023,0.029,0.017
1998-07-01,0.039,0.023,0.029,0.017
1998-08-01,0.03,0.023,0.029,0.017
1998-09-01,0.029,0.024,0.03,0.017
1998-10-01,-0.036,0.024,0.03,0.018
1998-11-01,-0.029,0.024,0.03,0.018
1998-12-01,-0.006,0.024,0.03,0.018
1999-01-01,-0.004,0.024,0.031,0.018
1999-02-01,0.139,0.025,0.031,0.019
1999-03-01,0.001,0.025,0.031,0.019
1999-04-01,0.029,0.025,0.031,0.019
1999-05-01,0.026,0.025,0.032,0.019
1999-06-01,-0.019,0.026,0.032,0.019
1999-07-01,0.009,0.026,0.032,0.02
1999-08-01,0.048,0.026,0.032,0.02
1999-09-01,0.031,0.026,0.033,0.02
1999-10-01,-0.034,0.027,0.033,0.02
1999-11-01,-0.046,0.027,0.033,0.021
1999-12-01,0.008,0.027,0.033,0.021
2000-01-01,-0.067,0.027,0.034,0.021
2000-02-01,-0.084,0.028,0.034,0.021
2000-03-01,0.074,0.028,0.034,0.022
2000-04-01,0.039,0.028,0.034,0.022
2000-05-01,0.072,0.028,0.035,0.022
2000-06-01,0.022,0.029,0.035,0.022
2000-07-01,0.068,0.029,0.035,0.023
2000-08-01,0.048,0.029,0.035,0.023
2000-09-01,0.028,0.029,0.036,0.023
2000-10-01,0.002,0.03,0.036,0.023
2000-11-01,0.068,0.03,0.036,0.024
2000-12-01,0.017,0.03,0.036,0.024
2001-01-01,0.089,0.03,0.037,0.024
2001-02-01,0.007,0.031,0.037,0.024
2001-03-01,0.126,0.031,0.037,0.024
2001-04-01,0.063,0.031,0.037,0.025
2001-05-01,0.016,0.031,0.038,0.025
2001-06-01,-0.017,0.032,0.038,0.025
2001-07-01,0.009,0.032,0.038,0.025
2001-08-01,-0.009,0.032,0.038,0.026
2001-09-01,0.041,0.032,0.039,0.026
2001-10-01,-0.037,0.033,0.039,0.026
2001-11-01,-0.028,0.033,0.039,0.026
2001-12-01,0.021,0.033,0.039,0.027
2002-01-01,-0.057,0.033,0.04,0.027
2002-02-01,0.05,0.034,0.04,0.027
2002-03-01,-0.083,0.034,0.04,0.027
2002-04-01,-0.066,0.034,0.04,0.028
2002-05-01,-0.063,0.034,0.041,0.028
2002-06-01,-0.007,0.034,0.041,0.028
2002-07-01,-0.013,0.035,0.041,0.028
2002-08-01,-0.001,0.035,0.041,0.029
2002-09-01,0.023,0.035,0.042,0.029
2002-10-01,0.078,0.035,0.042,0.029
2002-11-01,-0.028,0.036,0.042,0.029
2002-12-01,0.005,0.036,0.042,0.029
2003-01-01,-0.019,0.036,0.043,0.03
2003-02-01,-0.099,0.036,0.043,0.03
2003-03-01,0.036,0.037,0.043,0.03
2003-04-01,0.067,0.037,0.043,0.03
2003-05-01,0.047,0.037,0.044,0.031
2003-06-01,0.063,0.037,0.044,0.031
2003-07-01,0.019,0.038,0.044,0.031
2003-08-01,0.012,0.038,0.044,0.031
2003-09-01,0.107,0.038,0.045,0.032
2003-10-01,-0.006,0.038,0.045,0.032
2003-11-01,0,0.039,0.045,0.032
2003-12-01,0.028,0.039,0.045,0.032
2004-01-01,-0.068,0.039,0.046,0.033
2004-02-01,-0.009,0.039,0.046,0.033
2004-03-01,0.036,0.04,0.046,0.033
2004-04-01,-0.027,0.04,0.046,0.033
2004-05-01,-0.027,0.04,0.047,0.034
2004-06-01,-0.002,0.04,0.047,0.034
2004-07-01,0.025,0.041,0.047,0.034
2004-08-01,0.007,0.041,0.047,0.034
2004-09-01,0.064,0.041,0.048,0.034
2004-10-01,0.124,0.041,0.048,0.035
2004-11-01,0.043,0.042,0.048,0.035
2004-12-01,0.059,0.042,0.048,0.035
2005-01-01,0.124,0.042,0.049,0.035
2005-02-01,0.122,0.042,0.049,0.036
2005-03-01,0.079,0.043,0.049,0.036
2005-04-01,0.141,0.043,0.049,0.036
2005-05-01,0.144,0.043,0.05,0.036
2005-06-01,0.069,0.043,0.05,0.037
2005-07-01,0.091,0.043,0.05,0.037
2005-08-01,0.063,0.044,0.05,0.037
2005-09-01,0.026,0.044,0.051,0.037
2005-10-01,0.125,0.044,0.051,0.038
2005-11-01,0.01,0.044,0.051,0.038
2005-12-01,-0.008,0.045,0.051,0.038
2006-01-01,0.095,0.045,0.052,0.038
2006-02-01,0.028,0.045,0.052,0.039
2006-03-01,-0.008,0.045,0.052,0.039
2006-04-01,0.032,0.046,0.052,0.039
2006-05-01,0.099,0.046,0.053,0.039
2006-06-01,0.035,0.046,0.053,0.039
2006-07-01,0.021,0.046,0.053,0.04
2006-08-01,0.088,0.047,0.053,0.04
2006-09-01,0.15,0.047,0.054,0.04
2006-10-01,0.049,0.047,0.054,0.04
2006-11-01,0.134,0.047,0.054,0.041
2006-12-01,-0.031,0.048,0.054,0.041
2007-01-01,-0.007,0.048,0.055,0.041
2007-02-01,-0.145,0.048,0.055,0.041
2007-03-01,-0.095,0.048,0.055,0.042
2007-04-01,0.067,0.049,0.055,0.042
2007-05-01,-0.04,0.049,0.056,0.042
2007-06-01,0.049,0.049,0.056,0.042
2007-07-01,0.018,0.049,0.056,0.043
2007-08-01,0.051,0.05,0.056,0.043
2007-09-01,-0.005,0.05,0.057,0.043
2007-10-01,0.063,0.05,0.057,0.043
2007-11-01,0.037,0.05,0.057,0.044
2007-12-01,0.037,0.051,0.057,0.044
2008-01-01,0.055,0.051,0.058,0.044
2008-02-01,0.046,0.051,0.058,0.044
2008-03-01,0.052,0.051,0.058,0.044
2008-04-01,0.095,0.052,0.058,0.045
2008-05-01,0.155,0.052,0.059,0.045
2008-06-01,0.06,0.052,0.059,0.045
2008-07-01,0.052,0.052,0.059,0.045
2008-08-01,0.065,0.052,0.059,0.046
2008-09-01,0.082,0.053,0.06,0.046
2008-10-01,0.042,0.053,0.06,0.046
2008-11-01,0.052,0.053,0.06,0.046
2008-12-01,-0.029,0.053,0.06,0.047
2009-01-01,-0.01,0.054,0.061,0.047
2009-02-01,0.025,0.054,0.061,0.047
2009-03-01,0.068,0.054,0.061,0.047
2009-04-01,0.04,0.054,0.061,0.048
2009-05-01,0.022,0.055,0.062,0.048
2009-06-01,0.172,0.055,0.062,0.048
2009-07-01,0.131,0.055,0.062,0.048
2009-08-01,0.064,0.055,0.062,0.049
2009-09-01,0.108,0.056,0.063,0.049
2009-10-01,0.149,0.056,0.063,0.049
2009-11-01,0.196,0.056,0.063,0.049
2009-12-01,0.089,0.056,0.063,0.049
2010-01-01,0.116,0.057,0.064,0.05
2010-02-01,0.181,0.057,0.064,0.05
2010-03-01,0.299,0.057,0.064,0.05
2010-04-01,0.123,0.057,0.064,0.05
2010-05-01,0.05,0.058,0.065,0.051
2010-06-01,0.099,0.058,0.065,0.051
2010-07-01,0.077,0.058,0.065,0.051
2010-08-01,0.117,0.058,0.065,0.051
2010-09-01,0.09,0.059,0.066,0.052
2010-10-01,0.085,0.059,0.066,0.052
2010-11-01,0.136,0.059,0.066,0.052
2010-12-01,0.12,0.059,0.066,0.052
2011-01-01,0.089,0.06,0.067,0.053
2011-02-01,0.051,0.06,0.067,0.053
2011-03-01,0.106,0.06,0.067,0.053
2011-04-01,0.095,0.06,0.067,0.053
2011-05-01,0.184,0.061,0.068,0.053
2011-06-01,0.155,0.061,0.068,0.054
2011-07-01,0.121,0.061,0.068,0.054
2011-08-01,0.144,0.061,0.068,0.054
2011-09-01,0.193,0.062,0.069,0.054
2011-10-01,0.143,0.062,0.069,0.055
2011-11-01,0.08,0.062,0.069,0.055
2011-12-01,0.085,0.062,0.069,0.055
2012-01-01,0.051,0.062,0.07,0.055
2012-02-01,0.061,0.063,0.07,0.056
2012-03-01,0.083,0.063,0.07,0.056
2012-04-01,0.08,0.063,0.07,0.056
2012-05-01,0.067,0.063,0.071,0.056
2012-06-01,0.153,0.064,0.071,0.057
2012-07-01,0.092,0.064,0.071,0.057
2012-08-01,0.08,0.064,0.071,0.057
2012-09-01,0.044,0.064,0.072,0.057
2012-10-01,0.151,0.065,0.072,0.058
2012-11-01,0.108,0.065,0.072,0.058
2012-12-01,0.169,0.065,0.072,0.058
2013-01-01,0.013,0.065,0.073,0.058
2013-02-01,0.053,0.066,0.073,0.058
2013-03-01,0.181,0.066,0.073,0.059
2013-04-01,0.042,0.066,0.073,0.059
2013-05-01,0.008,0.066,0.074,0.059
2013-06-01,0.086,0.067,0.074,0.059
2013-07-01,0.104,0.067,0.074,0.06
2013-08-01,0.075,0.067,0.074,0.06
2013-09-01,0.064,0.067,0.075,0.06
2013-10-01,0.114,0.068,0.075,0.06
2013-11-01,-0.035,0.068,0.075,0.061
2013-12-01,0.037,0.068,0.075,0.061
2014-01-01,0.026,0.068,0.076,0.061
2014-02-01,0.014,0.069,0.076,0.061
2014-03-01,0.046,0.069,0.076,0.062
2014-04-01,0.097,0.069,0.076,0.062
2014-05-01,0.104,0.069,0.077,0.062
2014-06-01,0.105,0.07,0.077,0.062
2014-07-01,0.068,0.07,0.077,0.063
2014-08-01,0.111,0.07,0.077,0.063
2014-09-01,0.101,0.07,0.078,0.063
2014-10-01,0.137,0.071,0.078,0.063
2014-11-01,0.035,0.071,0.078,0.063
2014-12-01,0.14,0.071,0.078,0.064
2015-01-01,-0.011,0.071,0.079,0.064
2015-02-01,0.021,0.071,0.079,0.064
2015-03-01,-0.064,0.072,0.079,0.064
2015-04-01,0.02,0.072,0.079,0.065
2015-05-01,-0.048,0.072,0.08,0.065
2015-06-01,0.072,0.072,0.08,0.065
2015-07-01,0.123,0.073,0.08,0.065
2015-08-01,0.083,0.073,0.08,0.066
2015-09-01,0.112,0.073,0.081,0.066
2015-10-01,0.127,0.073,0.081,0.066
2015-11-01,0.065,0.074,0.081,0.066
2015-12-01,0.121,0.074,0.081,0.067
2016-01-01,0.123,0.074,0.082,0.067
2016-02-01,0.09,0.074,0.082,0.067
2016-03-01,0.097,0.075,0.082,0.067
2016-04-01,0.077,0.075,0.082,0.068
2016-05-01,0.051,0.075,0.083,0.068
2016-06-01,0.049,0.075,0.083,0.068
2016-07-01,0.068,0.076,0.083,0.068
2016-08-01,0.041,0.076,0.083,0.068
2016-09-01,0.133,0.076,0.084,0.069
2016-10-01,0.081,0.076,0.084,0.069
2016-11-01,0.03,0.077,0.084,0.069
2016-12-01,0.013,0.077,0.084,0.069
2017-01-01,0.101,0.077,0.085,0.07
2017-02-01,0.071,0.077,0.085,0.07
2017-03-01,-0.053,0.078,0.085,0.07
2017-04-01,0.128,0.078,0.085,0.07
2017-05-01,0.158,0.078,0.086,0.071
2017-06-01,0.089,0.078,0.086,0.071
2017-07-01,0.13,0.079,0.086,0.071
2017-08-01,0.097,0.079,0.086,0.071
2017-09-01,0.129,0.079,0.087,0.072
2017-10-01,0.095,0.079,0.087,0.072
2017-11-01,0.114,0.08,0.087,0.072
2017-12-01,0.012,0.08,0.087,0.072
2018-01-01,-0.028,0.08,0.088,0.072
2018-02-01,0.045,0.08,0.088,0.073
2018-03-01,0.24,0.081,0.088,0.073
2018-04-01,0.076,0.081,0.088,0.073
2018-05-01,0.086,0.081,0.089,0.073
2018-06-01,0.147,0.081,0.089,0.074
2018-07-01,0.108,0.081,0.089,0.074
2018-08-01,0.137,0.082,0.089,0.074
2018-09-01,0.21,0.082,0.09,0.074
2018-10-01,0.1,0.082,0.09,0.075
2018-11-01,0.101,0.082,0.09,0.075
2018-12-01,0.168,0.083,0.09,0.075
2019-01-01,0.107,0.083,0.091,0.075
2019-02-01,0.041,0.083,0.091,0.076
2019-03-01,0.079,0.083,0.091,0.076
2019-04-01,0.079,0.084,0.091,0.076
2019-05-01,0.177,0.084,0.092,0.076
2019-06-01,0.142,0.084,0.092,0.077
2019-07-01,0.144,0.084,0.092,0.077
2019-08-01,0.154,0.085,0.092,0.077
2019-09-01,0.151,0.085,0.093,0.077
2019-10-01,0.236,0.085,0.093,0.077
2019-11-01,0.148,0.085,0.093,0.078
2019-12-01,0.151,0.086,0.093,0.078
2020-01-01,0.139,0.086,0.094,0.078
2020-02-01,0.116,0.086,0.094,0.078
2020-03-01,0.189,0.086,0.094,0.079
2020-04-01,0.184,0.087,0.094,0.079
2020-05-01,0.07,0.087,0.095,0.079
2020-06-01,0.12,0.087,0.095,0.079
2020-07-01,0.169,0.087,0.095,0.08
2020-08-01,0.136,0.088,0.095,0.08
2020-09-01,0.151,0.088,0.096,0.08
2020-10-01,0.128,0.088,0.096,0.08
2020-11-01,0.056,0.088,0.096,0.081
2020-12-01,0.142,0.089,0.096,0.081
2021-01-01,0.198,0.089,0.097,0.081
2021-02-01,0.204,0.089,0.097,0.081
2021-03-01,0.023,0.089,0.097,0.082
2021-04-01,0.115,0.09,0.097,0.082
2021-05-01,0.055,0.09,0.098,0.082
2021-06-01,0.07,0.09,0.098,0.082
2021-07-01,0.16,0.09,0.098,0.082
2021-08-01,0.152,0.09,0.098,0.083
2021-09-01,0.149,0.091,0.099,0.083
2021-10-01,0.266,0.091,0.099,0.083
2021-11-01,0.14,0.091,0.099,0.083
2021-12-01,0.117,0.091,0.099,0.084
2022-01-01,0.148,0.092,0.1,0.084
2022-02-01,0.026,0.092,0.1,0.084
2022-03-01,0.061,0.092,0.1,0.084
2022-04-01,0.087,0.092,0.1,0.085
2022-05-01,0.185,0.093,0.101,0.085
2022-06-01,0.139,0.093,0.101,0.085
2022-07-01,0.102,0.093,0.101,0.085
2022-08-01,0.115,0.093,0.101,0.086
2022-09-01,0.142,0.094,0.102,0.086
2022-10-01,0.181,0.094,0.102,0.086
2022-11-01,0.08,0.094,0.102,0.086
2022-12-01,0.176,0.094,0.102,0.087
2023-01-01,0.214,0.095,0.103,0.087
2023-02-01,0.163,0.095,0.103,0.087
2023-03-01,0.234,0.095,0.103,0.087
2023-04-01,0.175,0.095,0.103,0.087
2023-05-01,0.138,0.096,0.104,0.088
2023-06-01,0.204,0.096,0.104,0.088
2023-07-01,0.192,0.096,0.104,0.088
2023-08-01,0.152,0.096,0.104,0.088
2023-09-01,0.21,0.097,0.105,0.089
2023-10-01,0.218,0.097,0.105,0.089
2023-11-01,0.208,0.097,0.105,0.089
2023-12-01,0.24,0.097,0.105,0.089
2024-01-01,0.518,0.098,0.106,0.09
2024-02-01,0.345,0.098,0.106,0.09
